year,country,Poverty headcount ratio at $2.15 a day (2017 PPP) (% of population),Poverty gap at $2.15 a day (2017 PPP) (%),Poverty headcount ratio at $3.65 a day (2017 PPP) (% of population),Poverty gap at $3.65 a day (2017 PPP) (%),Poverty headcount ratio at $6.85 a day (2017 PPP) (% of population),Poverty gap at $6.85 a day (2017 PPP) (%)
1963,USA,1.2,0.8,2.0,1.2,4.7,2.2
1964,USA,1.2,0.9,2.0,1.2,4.2,2.1
1965,USA,1.0,0.7,1.7,1.0,3.7,1.8
1966,USA,1.0,0.6,1.7,0.9,4.0,1.8
1967,USA,1.0,0.6,1.5,0.8,3.2,1.5
1968,GBR,0.2,0.0,0.2,0.1,1.0,0.3
1968,USA,0.7,0.5,1.2,0.7,2.7,1.3
1969,GBR,0.2,0.1,0.2,0.1,1.2,0.4
1969,USA,0.5,0.4,1.0,0.5,2.5,1.0
1970,FRA,0.0,0.0,0.2,0.1,4.0,0.8
1970,GBR,0.0,0.0,0.2,0.1,1.2,0.3
1970,USA,1.0,0.6,1.5,0.8,3.0,1.4
1971,CAN,2.2,1.5,3.0,2.0,5.7,3.0
1971,GBR,0.0,0.0,0.2,0.1,1.5,0.3
1971,USA,0.7,0.5,1.2,0.7,2.5,1.2
1972,GBR,0.2,0.1,0.5,0.2,2.0,0.5
1972,USA,0.7,0.5,1.0,0.7,2.5,1.2
1973,CAN,1.7,1.2,2.0,1.4,3.5,2.0
1973,GBR,0.0,0.0,0.0,0.0,0.7,0.1
1973,USA,0.7,0.5,1.0,0.7,2.2,1.1
1974,GBR,0.2,0.1,0.2,0.2,1.2,0.3
1974,USA,0.7,0.5,1.0,0.7,2.5,1.2
1975,CAN,1.5,1.1,2.0,1.3,3.0,1.8
1975,FRA,0.2,0.1,0.7,0.3,2.5,0.8
1975,GBR,0.2,0.1,0.2,0.1,1.2,0.3
1975,SWE,0.5,0.3,0.5,0.4,1.0,0.6
1975,USA,0.5,0.4,1.0,0.6,2.5,1.1
1976,GBR,0.0,0.0,0.2,0.0,0.7,0.2
1976,USA,0.5,0.4,0.7,0.5,2.0,0.9
1977,CAN,1.2,0.9,1.7,1.2,2.7,1.7
1977,GBR,0.2,0.1,0.2,0.2,1.2,0.3
1977,IND,63.5,22.0,89.1,45.6,97.8,68.7
1977,ITA,0.2,0.1,1.0,0.3,4.0,1.1
1977,USA,0.5,0.3,0.7,0.5,2.0,0.9
1978,GBR,0.0,0.0,0.0,0.0,0.7,0.1
1978,ITA,0.5,0.3,1.0,0.4,4.2,1.4
1978,USA,0.5,0.4,0.7,0.5,2.2,0.9
1979,CAN,1.2,0.9,1.5,1.1,2.2,1.4
1979,FRA,0.2,0.1,0.5,0.2,1.2,0.5
1979,GBR,0.0,0.0,0.2,0.0,0.7,0.2
1979,ISR,0.0,0.0,0.8,0.2,9.2,2.0
1979,ITA,0.5,0.1,0.7,0.3,3.5,1.1
1979,NOR,0.2,0.2,0.5,0.3,1.2,0.5
1979,PAN,6.2,1.1,18.2,5.7,39.7,16.8
1979,USA,0.5,0.4,0.7,0.5,1.5,0.8
1980,ARG,0.0,0.0,0.0,0.0,5.7,1.0
1980,COL,20.9,7.9,37.1,16.7,60.6,32.2
1980,ESP,0.5,0.2,1.7,0.6,7.2,2.3
1980,GBR,0.0,0.0,0.2,0.1,1.0,0.2
1980,ITA,0.2,0.0,0.5,0.1,2.5,0.7
1980,MDG,48.7,19.5,73.8,37.3,91.5,59.5
1980,USA,0.5,0.3,0.7,0.4,1.5,0.7
1981,AUS,1.0,0.5,1.2,0.7,1.7,1.1
1981,BRA,23.9,9.6,42.9,19.5,67.0,36.8
1981,CAN,0.7,0.6,1.0,0.7,1.7,1.1
1981,CRI,25.9,11.3,44.4,21.2,71.1,39.0
1981,EAS,82.6,40.6,93.7,,97.6,
1981,GBR,0.0,0.0,0.2,0.0,1.0,0.3
1981,ITA,0.0,0.0,0.5,0.1,1.9,0.6
1981,LCN,15.4,6.1,30.7,13.1,54.4,27.4
1981,LMY,58.4,25.4,76.5,,88.6,
1981,SAS,59.8,20.1,87.9,43.5,97.7,67.3
1981,SWE,0.2,0.2,0.5,0.3,1.2,0.5
1981,THA,22.7,5.8,48.0,18.3,76.9,40.0
1981,URY,0.0,0.0,4.2,0.6,17.3,5.3
1981,USA,0.5,0.3,0.7,0.5,1.5,0.8
1981,VEN,6.7,1.2,18.6,5.9,38.9,16.8
1982,BRA,24.4,9.7,43.0,19.7,66.4,36.7
1982,CAN,0.7,0.4,1.0,0.6,1.7,0.9
1982,CHE,0.7,0.5,0.7,0.6,1.0,0.7
1982,EAS,80.8,37.9,93.3,,97.6,
1982,GBR,0.0,0.0,0.2,0.1,0.5,0.2
1982,ITA,0.0,0.0,0.2,0.1,1.2,0.3
1982,LCN,16.1,6.3,31.5,13.5,54.9,27.9
1982,LMY,57.4,24.2,76.3,,88.6,
1982,SAS,58.6,19.4,87.4,42.7,97.6,66.8
1982,USA,0.7,0.4,1.0,0.6,2.0,0.9
1983,BGD,37.3,9.3,82.7,31.7,97.8,60.5
1983,BRA,30.6,12.5,50.9,24.3,72.1,42.4
1983,EAS,78.3,34.7,92.7,,97.5,
1983,GBR,0.0,0.0,0.2,0.0,0.5,0.2
1983,IND,56.7,18.0,86.6,41.4,97.4,65.9
1983,ITA,0.2,0.1,0.2,0.2,1.7,0.6
1983,LCN,18.9,7.5,35.4,15.6,58.2,30.8
1983,LMY,56.1,22.7,76.2,,88.8,
1983,NLD,0.5,0.4,1.5,0.6,3.0,1.4
1983,SAS,56.0,18.0,86.4,41.2,97.4,65.8
1983,USA,0.5,0.4,1.0,0.5,2.0,0.9
1984,BRA,29.9,11.9,50.1,23.7,72.2,42.0
1984,CAN,0.7,0.5,1.0,0.7,2.0,1.1
1984,EAS,74.0,30.0,91.8,52.8,97.6,72.8
1984,FRA,0.5,0.2,0.5,0.3,1.2,0.6
1984,GBR,0.0,0.0,0.2,0.1,0.7,0.2
1984,IDN,74.3,29.6,93.0,52.8,98.8,73.4
1984,ITA,0.0,0.0,0.5,0.1,2.0,0.6
1984,LCN,18.5,7.3,34.9,15.4,58.0,30.5
1984,LMY,54.0,20.6,75.6,39.6,88.6,60.1
1984,MAR,13.2,3.0,37.6,12.1,77.4,34.6
1984,MYS,2.7,0.2,15.2,3.8,39.5,15.0
1984,SAS,54.9,17.3,85.8,40.4,97.2,65.2
1984,USA,0.5,0.4,0.7,0.5,1.7,0.8
1985,AUS,1.0,0.6,1.3,0.8,2.0,1.1
1985,BEL,0.2,0.2,0.5,0.2,0.7,0.4
1985,BGD,32.0,6.7,78.0,27.8,96.5,57.3
1985,BRA,25.8,10.2,45.2,20.8,68.0,38.2
1985,BWA,41.8,17.4,63.3,32.3,83.6,52.4
1985,CAN,0.5,0.4,1.0,0.5,1.5,0.9
1985,CIV,8.2,2.6,23.9,8.0,55.6,23.4
1985,EAS,70.3,27.5,91.0,50.5,97.6,71.5
1985,ESP,0.2,0.0,1.2,0.3,7.2,1.9
1985,GBR,0.2,0.0,0.2,0.1,0.7,0.2
1985,LCN,17.1,6.7,33.1,14.3,56.5,29.1
1985,LKA,17.2,3.3,51.8,16.2,87.6,43.3
1985,LMY,52.0,19.3,74.9,38.3,88.4,59.2
1985,LUX,0.0,0.0,0.0,0.0,0.2,0.1
1985,MEA,7.1,1.2,28.0,7.8,64.6,26.8
1985,NGA,47.8,18.4,74.6,36.7,93.4,59.9
1985,SAS,53.6,16.5,85.1,39.6,97.0,64.6
1985,TUN,13.0,2.8,34.0,11.3,67.3,30.5
1985,USA,0.5,0.4,0.7,0.5,1.7,0.8
1986,ARG,1.1,1.0,1.8,1.1,4.8,2.1
1986,BRA,12.3,4.5,26.1,10.6,49.5,23.7
1986,CAN,1.0,0.8,1.2,0.9,1.5,1.1
1986,CIV,4.4,0.9,23.8,6.2,62.4,24.3
1986,CRI,13.9,6.0,28.6,12.2,63.4,28.2
1986,DOM,7.1,1.9,16.9,6.0,37.6,16.0
1986,EAS,67.6,25.9,90.2,48.9,97.5,70.4
1986,GBR,0.2,0.1,0.2,0.2,1.0,0.3
1986,GTM,49.7,24.2,69.9,39.3,87.5,58.5
1986,IRN,9.2,1.9,25.0,8.2,52.9,22.9
1986,ISR,0.2,0.1,0.9,0.3,10.0,2.4
1986,ITA,0.2,0.1,0.5,0.2,2.5,0.7
1986,JOR,0.0,0.0,0.0,0.0,13.7,2.3
1986,LCN,12.3,4.8,26.4,10.8,50.0,24.0
1986,LMY,50.0,18.3,73.6,37.1,87.6,58.1
1986,LSO,54.0,27.3,73.2,42.6,89.0,61.3
1986,LUX,0.0,0.0,0.0,0.0,0.2,0.0
1986,MEA,7.3,1.2,28.3,7.9,65.1,26.9
1986,NOR,0.2,0.0,0.2,0.1,0.5,0.2
1986,SAS,52.6,15.9,84.6,38.9,96.9,64.1
1986,USA,0.5,0.4,0.7,0.5,1.7,0.8
1987,ARG,1.2,0.8,2.1,1.1,7.6,2.8
1987,BRA,19.9,8.0,36.5,16.4,59.2,31.6
1987,CAN,0.5,0.4,0.7,0.5,1.2,0.7
1987,CHL,15.4,5.1,34.8,13.4,62.1,30.6
1987,CIV,9.4,2.2,32.1,9.5,68.9,29.3
1987,DNK,0.5,0.4,0.7,0.5,1.2,0.8
1987,EAS,63.9,24.0,88.8,46.7,97.3,69.0
1987,ECU,17.6,7.3,32.7,14.7,59.6,29.8
1987,FIN,0.0,0.0,0.0,0.0,0.2,0.1
1987,GBR,0.0,0.0,0.2,0.0,0.5,0.2
1987,GHA,58.4,22.0,86.0,43.8,97.2,67.0
1987,IDN,74.6,28.1,93.3,52.1,98.8,73.1
1987,IND,50.9,14.5,84.2,37.8,96.7,63.4
1987,IRL,0.7,0.3,2.0,0.7,8.2,2.2
1987,ITA,1.0,0.7,1.2,0.9,2.7,1.4
1987,LCN,15.0,6.0,29.8,12.8,53.3,26.7
1987,LMY,48.7,17.5,73.4,36.4,87.9,57.8
1987,LUX,0.0,0.0,0.0,0.0,0.2,0.0
1987,MEA,7.6,1.3,28.9,8.2,66.1,27.5
1987,MRT,41.4,18.0,67.5,33.4,89.8,55.8
1987,MYS,1.7,0.1,14.8,3.4,40.1,14.9
1987,NLD,0.2,0.2,0.5,0.3,0.7,0.4
1987,PAK,67.3,24.0,90.1,47.6,97.7,69.9
1987,SAS,52.1,15.5,84.5,38.6,96.8,63.9
1987,SWE,0.2,0.1,0.2,0.1,0.7,0.3
1987,USA,0.5,0.3,0.7,0.4,1.5,0.8
1987,VEN,7.0,1.2,20.3,6.4,41.9,18.2
1988,BEL,0.5,0.4,0.7,0.5,0.7,0.6
1988,BGD,41.7,10.4,82.3,33.2,97.0,60.8
1988,BRA,22.4,9.4,39.3,18.3,61.4,33.8
1988,CAN,0.7,0.5,0.7,0.6,1.2,0.8
1988,CIV,13.4,3.5,41.3,13.3,76.6,36.1
1988,COL,14.6,4.6,29.5,11.9,54.1,26.2
1988,DZA,6.4,0.9,25.2,6.9,63.6,25.0
1988,EAS,58.7,20.9,86.7,43.4,96.9,66.8
1988,GBR,0.0,0.0,0.2,0.1,0.5,0.2
1988,GHA,57.7,21.5,85.3,43.1,96.9,66.4
1988,JAM,4.6,0.6,17.6,4.9,45.7,17.5
1988,LCN,15.6,6.5,30.4,13.3,53.9,27.2
1988,LMY,46.3,16.2,72.4,34.8,87.8,56.8
1988,LUX,0.0,0.0,0.0,0.0,0.0,0.0
1988,MEA,7.2,1.3,28.0,7.8,65.8,27.0
1988,SAS,50.9,14.8,83.9,37.8,96.7,63.4
1988,THA,17.6,3.2,45.3,15.2,76.2,37.7
1988,TTO,0.0,0.0,5.7,1.0,20.3,6.6
1988,USA,0.5,0.3,0.7,0.4,1.5,0.7
1989,AUS,0.7,0.4,1.0,0.6,2.0,1.0
1989,BRA,20.4,8.5,36.4,16.8,58.3,31.6
1989,CAN,1.2,1.1,1.2,1.1,1.7,1.3
1989,COL,14.0,3.9,29.9,11.4,55.4,26.5
1989,CRI,10.6,5.5,21.5,9.7,47.4,21.5
1989,DOM,17.4,4.8,37.0,14.1,65.3,32.1
1989,EAS,66.9,25.9,88.0,48.1,96.5,69.3
1989,GBR,0.2,0.0,0.2,0.1,0.7,0.3
1989,GTM,37.0,18.1,55.3,29.9,76.5,47.4
1989,HND,40.0,17.7,60.0,31.3,80.6,50.3
1989,IDA,54.1,22.0,78.6,41.0,93.3,62.9
1989,ITA,0.0,0.0,0.2,0.0,0.7,0.2
1989,LCN,15.1,6.3,29.4,12.9,53.4,26.7
1989,LMY,49.4,18.1,72.9,36.6,87.6,57.7
1989,LUX,0.0,0.0,0.0,0.0,0.0,0.0
1989,MEA,7.1,1.2,28.3,7.8,66.5,27.3
1989,MEX,8.7,2.9,23.5,8.2,53.5,22.8
1989,MYS,0.7,0.0,14.0,3.0,39.9,14.4
1989,PAN,22.4,14.5,31.8,19.7,50.1,29.8
1989,SAS,50.5,14.6,83.7,37.6,96.7,63.2
1989,SLV,19.4,10.3,32.7,16.7,58.5,30.5
1989,UGA,58.7,26.2,81.5,44.9,94.7,66.0
1989,URY,0.7,0.2,3.3,0.8,13.6,4.1
1989,USA,0.5,0.3,0.7,0.4,1.2,0.6
1989,VEN,5.3,3.0,12.1,5.2,32.6,13.1
1990,BOL,1.1,0.0,15.1,3.4,42.2,15.4
1990,BRA,24.0,9.8,41.6,19.5,63.7,35.6
1990,CAN,1.2,0.9,1.2,1.0,1.7,1.2
1990,CHL,10.7,3.5,28.1,10.0,56.0,25.7
1990,CHN,72.0,28.3,92.7,51.5,99.0,72.8
1990,CRI,10.4,5.2,20.8,9.3,45.6,20.5
1990,EAS,65.2,24.9,87.3,47.0,96.3,68.6
1990,ECS,3.6,1.2,11.7,3.8,31.7,12.1
1990,EGY,5.2,0.4,33.9,8.1,78.9,32.4
1990,ESP,0.5,0.3,0.7,0.4,3.0,1.1
1990,FRA,0.2,0.0,0.2,0.1,0.5,0.2
1990,GBR,0.0,0.0,0.2,0.1,0.7,0.3
1990,HND,42.0,19.3,62.3,33.2,82.6,52.3
1990,IDA,54.4,22.3,78.7,41.3,93.4,63.1
1990,IDN,61.8,19.6,88.5,43.8,97.8,67.6
1990,IRN,8.8,1.7,24.9,8.0,55.4,23.4
1990,JAM,2.9,0.6,16.6,4.0,49.5,17.9
1990,LCN,16.3,6.7,31.3,13.8,55.3,28.0
1990,LKA,11.6,2.1,49.9,13.9,87.2,41.8
1990,LMY,48.8,17.7,72.7,36.2,87.7,57.5
1990,LUX,0.0,0.0,0.0,0.0,0.0,0.0
1990,MAR,4.7,0.7,24.5,6.1,59.1,23.7
1990,MEA,6.4,1.1,26.4,7.2,63.3,25.6
1990,NLD,1.0,0.6,1.5,0.8,1.7,1.2
1990,PAK,65.1,23.2,89.6,46.6,98.0,69.3
1990,PRY,1.2,0.3,4.7,1.3,21.8,6.7
1990,SAS,50.0,14.4,83.5,37.3,96.7,63.0
1990,SSF,54.6,24.3,75.1,41.6,90.1,61.5
1990,THA,12.3,2.5,41.0,12.8,72.6,34.8
1990,TUN,9.3,1.8,26.9,8.5,60.4,25.4
1990,USA,0.5,0.3,0.7,0.4,1.5,0.7
1991,ARG,1.0,0.6,3.0,1.1,14.3,4.5
1991,BGD,41.9,10.5,83.1,33.3,97.4,61.3
1991,CAN,1.2,1.0,1.2,1.1,1.7,1.3
1991,COL,12.8,3.7,27.3,10.4,52.1,24.5
1991,CRI,12.4,5.7,24.5,11.0,51.4,23.8
1991,DEU,0.0,0.0,0.0,0.0,0.2,0.1
1991,EAS,63.9,24.1,86.4,46.0,96.0,67.8
1991,ECS,4.2,1.4,13.0,4.3,34.3,13.3
1991,FIN,0.0,0.0,0.0,0.0,0.2,0.1
1991,GBR,0.0,0.0,0.2,0.1,0.7,0.2
1991,GHA,64.2,26.2,87.0,47.5,96.9,68.9
1991,GIN,88.0,55.9,96.9,71.3,100.0,84.4
1991,GNB,42.4,22.0,62.5,34.8,83.6,53.5
1991,HND,30.8,12.2,54.4,24.8,79.4,45.5
1991,IDA,53.4,22.0,78.4,40.9,93.4,62.8
1991,ITA,0.2,0.2,0.5,0.3,1.7,0.6
1991,LCN,15.8,6.5,30.5,13.4,54.9,27.5
1991,LMY,48.0,17.3,72.4,35.8,87.8,57.3
1991,LUX,0.0,0.0,0.0,0.0,0.0,0.0
1991,MEA,6.2,0.9,27.9,7.4,65.0,26.7
1991,NOR,0.5,0.2,0.5,0.3,0.7,0.4
1991,PAN,20.1,12.5,28.8,17.5,48.1,27.4
1991,SAS,48.5,13.6,82.9,36.4,96.6,62.5
1991,SEN,70.1,37.9,85.8,54.9,95.2,72.1
1991,SLV,22.1,10.5,39.2,18.7,65.9,35.2
1991,SSF,56.1,25.4,75.8,42.6,90.4,62.3
1991,TZA,69.3,28.0,89.5,49.8,98.3,71.2
1991,USA,0.5,0.3,0.7,0.4,1.5,0.7
1991,ZMB,57.4,36.0,72.5,48.1,88.6,63.9
1992,ARG,1.7,1.0,4.1,1.8,14.9,5.0
1992,BDI,75.1,31.3,93.0,53.9,98.8,74.0
1992,BEL,1.0,0.7,1.0,0.8,1.2,0.9
1992,BOL,8.7,2.8,26.3,8.7,58.2,25.1
1992,BRA,23.3,10.0,40.7,19.2,65.4,35.6
1992,CAF,82.2,55.2,91.1,68.5,96.7,80.7
1992,CAN,0.7,0.6,1.0,0.7,1.5,0.9
1992,CHE,0.5,0.4,0.7,0.5,1.2,0.7
1992,CHL,6.7,2.0,21.6,6.9,50.7,21.1
1992,CIV,27.1,8.5,55.4,22.4,84.3,46.0
1992,COL,9.6,4.6,23.9,9.7,54.2,24.1
1992,CRI,9.9,4.8,21.2,9.1,48.0,21.2
1992,CZE,0.0,0.0,0.0,0.0,0.7,0.2
1992,DEU,0.0,0.0,0.2,0.1,0.2,0.1
1992,DNK,0.5,0.4,0.7,0.5,1.0,0.7
1992,DOM,7.6,2.1,23.2,7.5,52.5,22.1
1992,EAS,61.8,22.9,84.9,44.6,95.6,66.7
1992,ECS,5.5,1.8,15.4,5.3,38.5,15.4
1992,GBR,0.2,0.0,0.2,0.1,1.0,0.3
1992,GUY,29.4,10.7,55.9,24.1,85.2,47.1
1992,HND,27.0,9.7,50.0,21.4,76.4,42.1
1992,IDA,52.1,21.4,77.8,40.1,93.3,62.3
1992,ISR,0.2,0.0,0.5,0.1,4.7,0.9
1992,JOR,0.0,0.0,6.9,0.8,32.8,9.8
1992,KEN,26.4,9.4,48.8,21.3,74.9,41.1
1992,LAO,23.7,5.0,62.5,21.6,90.1,48.6
1992,LCN,15.7,6.5,30.3,13.3,55.5,27.6
1992,LMY,46.9,16.7,71.7,35.0,87.9,56.8
1992,LUX,0.0,0.0,0.0,0.0,0.0,0.0
1992,MEA,5.4,0.8,26.3,6.8,63.8,25.7
1992,MEX,7.9,2.1,20.9,7.0,49.0,20.4
1992,MYS,1.0,0.0,13.5,3.0,37.1,13.6
1992,NER,84.4,40.3,95.7,61.4,99.0,78.5
1992,NGA,52.4,24.3,73.8,40.8,92.4,61.4
1992,SAS,46.8,12.7,81.9,35.3,96.4,61.7
1992,SSF,57.1,26.1,76.5,43.4,90.8,62.9
1992,SWE,0.2,0.0,0.2,0.1,1.0,0.4
1992,THA,9.0,1.7,34.4,10.1,66.1,30.0
1992,TTO,1.3,0.1,9.9,2.3,30.2,10.6
1992,UGA,65.1,26.6,87.5,48.0,96.7,69.4
1992,UKR,3.9,0.9,16.3,4.4,56.2,19.2
1992,URY,0.6,0.1,2.6,0.7,11.1,3.4
1992,USA,0.5,0.3,0.7,0.5,1.7,0.8
1992,VEN,4.5,2.3,11.7,4.5,35.0,13.1
1992,VNM,45.1,12.9,76.1,33.8,94.3,58.9
1993,ARG,2.0,1.1,4.9,2.0,15.1,5.5
1993,BLZ,13.5,6.1,31.8,13.2,61.8,30.0
1993,BRA,22.1,9.4,39.7,18.4,64.3,34.5
1993,BWA,34.1,13.1,55.5,26.5,78.3,46.2
1993,CAN,1.2,1.0,1.2,1.1,1.7,1.3
1993,CHN,65.6,24.7,88.1,47.0,98.1,69.3
1993,CRI,8.5,4.4,17.4,7.8,40.9,17.9
1993,CZE,0.0,0.0,0.0,0.0,0.0,0.0
1993,DEU,0.0,0.0,0.0,0.0,0.2,0.1
1993,EAS,59.8,21.8,83.2,43.1,95.2,65.5
1993,ECS,6.3,2.0,17.8,6.0,44.2,17.8
1993,ESP,1.2,0.7,2.0,1.1,4.5,2.0
1993,FCS,49.0,23.3,66.0,37.7,84.8,55.9
1993,GBR,0.2,0.0,0.2,0.1,1.0,0.3
1993,GNB,42.2,14.6,69.5,31.7,90.6,55.5
1993,HND,21.4,7.9,43.4,18.3,70.1,36.9
1993,IDA,52.5,21.6,78.2,40.3,93.5,62.5
1993,IDN,61.2,19.2,88.0,43.3,97.6,67.2
1993,IND,48.0,12.9,82.6,35.9,96.7,62.1
1993,ITA,1.2,0.8,2.0,1.1,4.2,2.0
1993,JAM,8.1,1.5,26.1,7.8,64.4,25.8
1993,LCN,15.6,6.5,30.5,13.3,55.4,27.6
1993,LMY,46.1,16.3,71.1,34.5,87.9,56.4
1993,LUX,0.0,0.0,0.0,0.0,0.0,0.0
1993,MDG,73.3,33.1,89.8,53.7,97.5,73.0
1993,MEA,5.2,0.7,25.7,6.6,63.2,25.2
1993,MRT,42.9,14.5,71.4,32.8,90.4,56.4
1993,NIC,38.3,18.7,58.6,31.2,79.2,49.5
1993,NLD,1.2,0.7,2.0,1.1,3.0,1.8
1993,SAS,46.2,12.3,81.6,34.9,96.4,61.4
1993,SSF,58.2,26.6,77.7,44.2,91.5,63.8
1993,UKR,1.9,0.4,13.8,3.0,57.5,18.5
1993,USA,0.5,0.4,0.7,0.5,1.7,0.8
1993,ZAF,33.5,12.0,52.1,25.0,71.1,42.7
1993,ZMB,59.1,30.8,77.8,46.8,91.8,65.3
1994,ARG,1.9,1.3,4.4,2.0,15.7,5.7
1994,AUT,0.2,0.1,0.2,0.1,1.0,0.3
1994,BFA,82.1,46.7,92.3,63.7,97.4,78.6
1994,BLZ,14.8,5.7,33.1,13.4,65.4,31.3
1994,CAN,1.0,0.7,1.0,0.8,1.2,1.0
1994,CHL,6.8,2.3,20.2,6.7,47.1,19.8
1994,CRI,7.0,3.5,14.7,6.4,36.6,15.1
1994,DEU,0.2,0.1,0.2,0.2,0.7,0.3
1994,EAS,54.0,18.5,80.3,39.4,94.4,62.8
1994,ECS,8.1,2.5,21.7,7.5,48.6,20.8
1994,ECU,17.1,7.6,35.0,15.3,64.8,32.3
1994,ESP,1.0,0.7,2.0,1.0,4.5,1.9
1994,FCS,50.0,23.9,67.5,38.6,85.7,57.0
1994,GBR,0.2,0.2,0.5,0.3,1.0,0.5
1994,GIN,41.2,14.7,67.0,31.4,87.9,53.9
1994,HND,24.3,9.7,43.7,19.9,70.0,38.1
1994,IDA,51.2,21.3,77.4,39.7,93.3,62.0
1994,IRL,0.2,0.1,0.5,0.3,1.2,0.5
1994,IRN,4.2,0.4,18.8,5.0,47.7,18.4
1994,KEN,25.9,8.9,53.5,21.8,83.2,44.9
1994,LCN,14.4,6.0,28.8,12.4,53.2,26.2
1994,LMY,43.4,14.8,69.7,32.8,87.3,55.1
1994,LSO,53.7,30.9,68.2,43.4,82.8,58.9
1994,LUX,0.0,0.0,0.0,0.0,0.0,0.0
1994,MEA,4.7,0.7,25.3,6.4,63.1,25.0
1994,MEX,7.9,2.3,21.7,7.4,47.6,20.6
1994,MLI,84.5,51.2,93.4,67.1,98.0,80.7
1994,NER,85.5,48.2,95.6,66.2,99.0,81.0
1994,SAS,44.6,11.7,80.6,34.0,96.1,60.6
1994,SEN,60.3,23.1,85.1,44.5,96.3,66.9
1994,SSF,58.5,27.1,77.9,44.6,91.6,64.1
1994,SWZ,85.4,55.1,93.8,69.7,97.8,82.1
1994,THA,4.5,0.8,24.8,6.1,60.4,24.3
1994,USA,0.5,0.4,0.7,0.5,1.7,0.9
1995,ARG,3.9,2.0,7.4,3.5,20.5,8.1
1995,AUS,0.7,0.6,1.2,0.8,1.7,1.1
1995,AUT,0.0,0.0,0.2,0.1,1.0,0.3
1995,AZE,12.4,3.5,38.7,12.3,77.7,35.2
1995,BEL,0.4,0.4,0.7,0.5,1.2,0.7
1995,BGD,33.7,7.5,74.3,28.1,93.7,55.7
1995,BRA,14.7,5.9,29.7,12.6,52.6,26.2
1995,CAN,0.7,0.6,1.0,0.7,1.2,0.9
1995,CIV,25.9,6.5,55.9,21.5,86.7,46.1
1995,CRI,7.1,3.7,15.3,6.8,37.1,15.9
1995,DEU,0.2,0.1,0.2,0.1,0.5,0.2
1995,DNK,0.0,0.0,0.2,0.0,0.2,0.1
1995,DZA,6.1,0.8,24.2,6.6,61.1,23.9
1995,EAS,49.0,16.2,77.3,36.4,93.4,60.3
1995,ECS,8.1,2.7,19.6,7.3,43.1,18.6
1995,ECU,13.8,6.3,32.7,13.4,64.4,30.8
1995,EGY,2.0,0.1,33.9,7.1,81.8,33.0
1995,ESP,1.5,0.7,2.0,1.1,4.7,2.1
1995,ETH,69.2,27.9,88.9,49.6,96.9,70.5
1995,FCS,50.4,23.9,68.2,38.9,85.7,57.2
1995,FIN,0.0,0.0,0.0,0.0,0.2,0.0
1995,GBR,0.2,0.2,0.5,0.2,1.0,0.4
1995,GRC,1.7,1.0,2.2,1.4,4.7,2.4
1995,HND,26.2,10.1,46.1,20.8,71.0,39.1
1995,IDA,50.6,21.1,77.0,39.4,93.1,61.7
1995,IRL,0.2,0.1,0.5,0.3,1.5,0.6
1995,ITA,0.7,0.4,1.0,0.6,3.5,1.3
1995,LCN,14.0,5.7,28.7,12.1,53.1,25.9
1995,LKA,11.8,2.2,47.6,13.6,82.5,39.4
1995,LMY,41.2,13.8,68.4,31.5,86.8,54.0
1995,LUX,0.0,0.0,0.0,0.0,0.0,0.0
1995,MEA,4.7,0.7,25.5,6.4,63.4,25.2
1995,MNG,14.8,3.2,41.1,13.3,79.3,36.6
1995,MRT,21.8,6.6,51.8,19.3,84.0,43.3
1995,MYS,1.4,0.1,13.3,3.1,36.0,13.3
1995,NOR,0.5,0.2,0.5,0.3,0.7,0.5
1995,NPL,55.2,17.4,83.8,40.0,96.6,64.3
1995,PAN,15.2,9.8,22.7,13.6,39.3,21.9
1995,PRY,12.4,5.2,23.5,10.5,43.6,21.6
1995,SAS,43.8,11.5,80.0,33.6,95.9,60.2
1995,SLV,13.3,5.6,29.7,12.0,58.2,27.3
1995,SSF,58.0,26.8,77.6,44.2,91.4,63.8
1995,SWE,0.2,0.1,0.5,0.3,1.5,0.6
1995,TUN,9.8,1.8,28.4,8.9,60.7,26.1
1995,UKR,7.9,1.5,24.9,7.5,60.2,24.3
1995,URY,0.5,0.1,2.4,0.6,11.0,3.3
1995,USA,0.5,0.4,0.7,0.5,1.5,0.8
1995,VEN,9.9,4.0,24.1,9.2,51.2,22.8
1996,ALB,0.5,0.1,8.9,1.6,47.9,13.9
1996,ARG,4.2,2.5,8.3,4.0,22.4,9.1
1996,AUT,0.0,0.0,0.2,0.0,0.5,0.2
1996,BLZ,18.2,7.2,41.5,16.4,70.5,35.4
1996,BRA,16.0,6.7,30.0,13.4,52.6,26.7
1996,CAN,0.2,0.2,0.5,0.3,1.0,0.5
1996,CHL,4.7,1.6,16.2,5.1,41.4,16.4
1996,CHN,48.2,15.9,78.1,36.2,95.5,61.1
1996,CMR,50.4,16.8,75.4,36.7,90.8,59.2
1996,COL,17.6,9.1,34.2,16.0,61.5,31.4
1996,CRI,8.2,4.1,17.6,7.7,41.3,17.8
1996,CZE,0.0,0.0,0.2,0.1,1.5,0.4
1996,DEU,0.0,0.0,0.2,0.0,0.2,0.1
1996,DOM,6.5,2.3,17.6,6.1,42.3,17.5
1996,EAS,44.8,14.4,74.1,33.8,92.3,58.0
1996,ECS,8.1,2.7,20.7,7.5,46.6,20.0
1996,ESP,1.5,0.9,1.7,1.2,5.7,2.4
1996,FCS,49.8,23.4,68.1,38.5,86.2,57.2
1996,FRA,0.2,0.0,0.2,0.1,0.7,0.3
1996,GBR,0.2,0.1,0.2,0.2,0.7,0.3
1996,GEO,6.8,1.4,19.9,6.2,52.0,20.2
1996,HND,28.6,12.3,48.9,23.5,72.9,41.7
1996,IDA,49.1,20.3,76.2,38.5,92.7,61.0
1996,IDN,49.3,13.8,81.3,36.3,95.7,61.7
1996,IRL,0.2,0.1,0.2,0.1,1.5,0.4
1996,JAM,2.6,0.6,11.4,2.9,42.8,14.5
1996,KAZ,7.9,2.2,29.3,8.7,65.6,28.0
1996,LCN,15.3,6.4,29.7,13.1,53.9,26.9
1996,LMY,39.2,13.0,66.9,30.3,86.3,52.9
1996,LUX,0.0,0.0,0.0,0.0,0.2,0.0
1996,MEA,4.0,0.6,23.8,5.9,61.7,24.0
1996,MEX,14.0,4.6,32.1,12.2,60.4,28.8
1996,MOZ,82.7,49.8,91.8,65.6,97.2,79.4
1996,NGA,58.4,27.8,79.1,45.2,92.7,64.9
1996,PAK,22.3,3.9,70.0,22.4,94.7,52.3
1996,PNG,52.6,22.4,75.4,40.0,90.5,61.0
1996,SAS,42.2,10.9,79.1,32.7,95.6,59.5
1996,SLV,15.3,6.2,30.8,13.1,59.7,28.6
1996,SSF,57.4,26.3,77.3,43.7,91.2,63.4
1996,SYR,2.4,0.4,19.0,4.1,61.7,21.8
1996,THA,3.1,0.5,19.8,4.6,56.1,20.9
1996,UGA,63.9,25.3,86.5,46.8,96.2,68.4
1996,UKR,7.2,1.9,28.0,8.3,69.4,28.3
1996,URY,0.6,0.2,2.7,0.7,11.6,3.5
1996,USA,0.7,0.4,0.7,0.6,1.5,0.8
1996,ZMB,46.8,18.9,69.8,35.6,88.8,56.9
1997,ARG,3.8,2.0,7.8,3.5,21.3,8.5
1997,AUT,0.2,0.0,0.2,0.1,0.7,0.3
1997,BEL,0.5,0.3,0.5,0.4,1.0,0.5
1997,BLZ,20.9,9.4,43.1,19.0,70.1,37.1
1997,BOL,15.5,8.0,26.1,13.1,46.1,23.9
1997,BRA,16.0,6.5,30.2,13.4,53.0,26.9
1997,CAN,0.2,0.2,0.5,0.3,1.0,0.5
1997,CRI,6.7,3.1,15.1,6.1,38.1,15.6
1997,DEU,0.0,0.0,0.2,0.1,0.2,0.1
1997,DOM,6.9,2.5,16.2,6.1,39.4,16.4
1997,EAS,44.4,14.5,72.9,33.5,91.7,57.4
1997,ECS,7.5,2.7,18.6,6.9,44.2,18.5
1997,ESP,1.0,0.6,1.5,0.8,4.5,1.9
1997,FCS,49.1,23.0,67.7,38.0,85.6,56.7
1997,FRA,0.2,0.0,0.2,0.1,0.5,0.2
1997,GBR,0.2,0.1,0.2,0.2,0.7,0.3
1997,GEO,18.8,6.6,40.7,16.2,73.9,36.3
1997,HND,19.6,7.0,38.1,16.0,65.6,33.2
1997,IDA,48.5,19.8,75.7,38.0,92.4,60.5
1997,ISR,0.2,0.2,1.0,0.4,6.0,1.5
1997,JOR,0.0,0.0,3.6,0.2,31.6,8.2
1997,KEN,25.4,7.2,53.5,20.8,82.1,43.9
1997,LAO,43.2,11.9,78.7,33.5,94.6,59.4
1997,LCN,15.1,6.3,29.1,12.8,52.9,26.4
1997,LMY,38.9,13.0,66.3,30.1,85.9,52.6
1997,LUX,0.0,0.0,0.0,0.0,0.0,0.0
1997,MDA,13.0,3.9,39.1,12.9,75.6,34.9
1997,MDG,69.4,30.7,89.0,51.5,98.0,71.8
1997,MEA,3.6,0.6,22.5,5.5,60.2,23.1
1997,MWI,58.5,21.4,82.5,42.5,93.8,64.6
1997,MYS,0.0,0.0,8.3,1.5,27.6,9.3
1997,PAN,14.2,8.2,21.8,12.2,39.1,20.6
1997,PER,19.8,8.2,35.9,16.4,61.3,31.8
1997,PRY,10.6,4.5,20.4,8.9,38.0,18.8
1997,SSF,57.0,25.9,77.2,43.4,91.1,63.2
1997,URY,0.6,0.2,2.5,0.6,11.9,3.4
1997,USA,0.7,0.5,0.7,0.6,1.5,0.9
1997,VNM,24.4,5.5,63.4,22.2,89.0,48.9
1998,ARG,4.0,1.9,8.3,3.7,23.3,9.4
1998,AUT,0.2,0.0,0.5,0.1,1.0,0.4
1998,BDI,79.4,39.8,94.2,59.9,97.9,77.1
1998,BFA,79.9,41.0,90.8,59.8,96.5,75.9
1998,BLR,21.8,5.6,56.7,19.8,90.1,46.8
1998,BLZ,20.7,8.0,42.8,18.1,68.6,36.2
1998,BRA,14.3,5.7,28.9,12.3,52.0,25.6
1998,CAN,0.5,0.2,0.7,0.3,1.2,0.6
1998,CHL,4.6,1.6,14.9,4.9,38.9,15.3
1998,CIV,30.4,9.6,64.5,25.5,87.4,50.2
1998,CRI,5.2,2.4,11.9,4.8,33.6,13.0
1998,DEU,0.0,0.0,0.0,0.0,0.2,0.1
1998,EAS,45.5,15.4,72.6,34.1,91.4,57.6
1998,ECS,7.7,2.7,19.3,7.1,44.7,18.9
1998,ECU,15.7,6.0,35.9,14.3,64.3,32.3
1998,ESP,1.0,0.6,1.2,0.8,3.0,1.3
1998,FCS,48.5,22.3,67.3,37.4,84.8,56.1
1998,FRA,0.0,0.0,0.2,0.0,0.5,0.1
1998,GBR,0.2,0.1,0.2,0.2,0.7,0.4
1998,GEO,17.0,6.2,39.4,15.3,74.1,35.5
1998,GHA,55.0,21.9,78.7,40.9,95.0,63.5
1998,GMB,74.1,38.9,88.5,57.0,96.5,74.2
1998,GTM,14.7,4.7,29.8,12.0,55.3,26.7
1998,GUY,11.9,5.7,24.9,10.5,56.6,25.2
1998,HND,24.5,12.0,40.2,20.5,64.7,36.0
1998,IDA,48.6,19.7,75.6,37.9,92.2,60.4
1998,IDN,68.3,23.4,91.1,47.8,98.6,70.4
1998,IRN,4.3,0.5,18.0,4.9,44.8,17.5
1998,ITA,1.7,1.3,2.2,1.5,4.0,2.3
1998,LCN,14.9,6.3,28.6,12.6,52.2,25.9
1998,LMY,39.2,13.2,66.0,30.2,85.6,52.5
1998,LUX,0.0,0.0,0.0,0.0,0.0,0.0
1998,MAR,8.4,1.9,31.7,9.3,68.4,29.5
1998,MDA,24.0,7.6,53.1,20.6,83.9,44.4
1998,MEA,3.3,0.5,20.5,5.0,57.1,21.4
1998,MEX,15.2,5.2,30.6,12.5,56.7,27.5
1998,MNG,28.4,8.6,65.6,24.7,94.1,52.5
1998,NIC,25.8,11.0,48.0,21.9,74.2,41.2
1998,PAK,29.8,6.4,71.6,25.7,93.4,54.0
1998,PAN,14.5,8.8,21.6,12.5,38.7,20.8
1998,PER,19.4,7.8,34.9,15.9,62.3,31.8
1998,SLV,21.0,11.2,34.4,18.0,57.9,31.5
1998,SSF,56.7,25.6,77.4,43.3,91.3,63.2
1998,THA,2.2,0.4,19.1,4.1,54.1,20.2
1998,TKM,43.1,14.7,71.1,33.0,91.3,56.7
1998,URY,0.6,0.2,2.4,0.7,11.8,3.4
1998,USA,0.7,0.6,1.0,0.7,1.5,1.0
1998,UZB,58.8,27.4,82.3,45.7,95.5,66.8
1998,VEN,10.4,5.0,22.9,9.7,48.3,22.2
1998,YEM,8.1,1.7,29.6,8.6,69.1,28.6
1998,ZMB,47.2,19.8,70.5,36.4,89.3,57.7
1999,ARG,4.2,2.2,8.9,3.9,24.2,9.7
1999,ARM,11.9,2.8,44.8,13.4,82.3,38.5
1999,AUT,0.2,0.1,0.2,0.1,0.5,0.3
1999,BLR,19.2,5.2,51.1,17.7,88.0,43.6
1999,BLZ,19.6,8.3,39.1,16.8,66.8,34.5
1999,BOL,21.9,12.9,32.0,18.5,50.0,29.3
1999,BRA,15.0,6.0,29.9,12.8,53.8,26.7
1999,CAN,0.5,0.2,0.5,0.3,1.2,0.6
1999,CHN,46.1,15.9,73.3,34.6,93.1,58.5
1999,COL,21.4,11.0,38.2,18.7,64.3,34.6
1999,CRI,6.8,3.0,14.0,6.0,36.1,14.8
1999,DEU,0.0,0.0,0.2,0.0,0.2,0.1
1999,EAS,42.1,13.8,70.5,32.0,90.7,55.9
1999,ECS,10.0,3.3,24.7,9.0,52.4,23.3
1999,ECU,21.8,9.7,40.5,18.7,67.8,35.9
1999,EGY,0.0,0.0,21.2,3.7,70.5,24.5
1999,ESP,0.7,0.4,1.0,0.5,2.5,1.1
1999,ETH,58.0,17.5,89.5,42.3,98.0,67.1
1999,FCS,48.4,21.7,69.0,37.4,86.5,57.0
1999,FRA,0.0,0.0,0.2,0.1,0.5,0.2
1999,GBR,0.2,0.2,0.2,0.2,0.7,0.3
1999,GEO,21.8,7.5,47.1,18.5,79.6,40.7
1999,HND,24.9,11.8,41.5,20.6,66.2,36.8
1999,IDA,48.7,19.5,76.0,37.9,92.5,60.5
1999,IDN,44.0,10.9,82.0,33.8,96.9,61.0
1999,JAM,2.3,0.5,8.5,2.2,30.4,10.0
1999,LCN,15.1,6.4,29.1,12.9,53.2,26.4
1999,LMY,37.9,12.6,65.4,29.4,85.5,51.9
1999,LUX,0.0,0.0,0.0,0.0,0.0,0.0
1999,MDA,33.5,10.6,66.0,27.5,88.4,52.0
1999,MDG,66.9,29.6,88.1,50.1,97.8,70.8
1999,MEA,3.2,0.6,19.8,4.8,56.0,20.8
1999,NLD,0.2,0.2,0.5,0.2,0.7,0.4
1999,PAN,12.3,7.5,19.3,10.9,36.5,18.9
1999,PER,19.3,8.0,36.3,16.1,62.1,32.2
1999,PRY,10.2,4.0,20.4,8.6,41.4,18.9
1999,SLV,17.3,8.9,30.4,15.0,55.3,28.5
1999,SSF,56.4,25.2,77.6,43.0,91.5,63.2
1999,THA,4.0,0.6,22.9,5.7,58.3,22.9
1999,TJK,62.0,21.2,90.4,45.3,99.2,69.2
1999,UGA,67.9,29.1,87.7,49.9,96.2,70.1
1999,USA,0.7,0.5,0.7,0.6,1.5,0.8
1999,VEN,11.8,5.1,25.9,10.7,53.1,24.6
2000,AGO,21.4,9.1,39.4,17.7,67.2,35.0
2000,ARG,5.0,2.5,10.7,4.7,26.3,11.3
2000,AUT,0.0,0.0,0.2,0.1,0.6,0.2
2000,BEL,0.3,0.3,0.7,0.3,1.0,0.5
2000,BGD,33.3,7.3,71.9,27.0,93.0,54.2
2000,BLR,13.6,3.5,43.3,13.7,84.4,38.9
2000,BOL,24.2,14.9,35.4,21.0,55.8,32.6
2000,CAN,0.2,0.1,0.5,0.2,1.0,0.4
2000,CHE,0.0,0.0,0.2,0.1,0.5,0.2
2000,CHL,5.8,2.1,16.0,5.6,41.4,16.6
2000,COL,17.5,10.4,33.2,16.4,59.5,31.0
2000,CRI,6.9,3.2,14.8,6.2,36.1,15.1
2000,DEU,0.0,0.0,0.2,0.0,0.2,0.1
2000,DNK,0.0,0.0,0.0,0.0,0.2,0.1
2000,DOM,6.7,2.4,16.1,6.0,41.1,16.7
2000,EAS,39.7,12.8,67.8,30.4,89.5,54.1
2000,ECS,9.2,3.3,21.4,8.1,48.7,21.0
2000,ECU,28.2,11.5,50.2,23.0,75.9,42.7
2000,ESP,0.7,0.5,1.1,0.7,2.4,1.1
2000,FIN,0.0,0.0,0.0,0.0,0.2,0.1
2000,FRA,0.0,0.0,0.2,0.1,0.5,0.2
2000,GBR,0.2,0.2,0.2,0.2,0.7,0.3
2000,GEO,22.9,8.1,49.6,19.8,81.6,42.4
2000,GRC,0.5,0.4,1.0,0.5,2.7,1.0
2000,GTM,9.6,3.4,23.4,8.8,50.0,22.3
2000,IDA,48.4,19.3,75.9,37.7,92.5,60.4
2000,IDN,43.8,10.9,81.0,33.6,96.5,60.6
2000,IRL,0.2,0.0,0.2,0.1,0.5,0.2
2000,ITA,1.2,1.0,1.7,1.2,3.5,1.8
2000,KGZ,38.2,10.1,75.7,30.7,95.2,57.5
2000,LCN,13.8,5.9,27.1,11.9,50.8,24.9
2000,LMY,36.7,12.1,63.8,28.5,84.5,50.8
2000,LUX,0.0,0.0,0.0,0.0,0.0,0.0
2000,MAR,7.9,1.7,32.5,9.1,68.2,29.5
2000,MDA,31.1,9.2,64.7,25.7,90.8,51.6
2000,MEA,3.0,0.5,18.7,4.5,54.1,19.9
2000,MEX,10.7,3.5,23.6,9.1,49.9,22.5
2000,MRT,21.5,6.0,49.1,18.3,80.9,41.3
2000,NOR,0.2,0.2,0.2,0.2,0.5,0.3
2000,PAN,11.1,5.7,18.3,9.3,35.0,17.5
2000,PER,19.3,7.3,35.4,15.5,62.4,31.5
2000,PHL,14.5,3.3,39.2,13.1,68.8,33.2
2000,RWA,75.2,36.0,89.5,55.7,96.0,73.4
2000,SLV,12.9,5.4,25.7,11.2,51.0,24.2
2000,SSF,56.0,25.1,77.6,42.9,91.6,63.1
2000,STP,20.4,4.7,54.0,18.3,87.0,44.3
2000,SWE,0.0,0.0,0.2,0.1,0.5,0.2
2000,SWZ,56.1,22.5,76.4,41.2,89.5,61.3
2000,THA,4.0,0.6,23.5,5.7,59.0,23.2
2000,TON,3.1,0.7,8.8,2.7,34.1,11.6
2000,TUN,4.3,0.4,19.9,5.2,51.2,19.7
2000,TZA,84.0,43.6,95.5,63.1,99.4,79.5
2000,URY,0.7,0.1,2.4,0.6,12.5,3.6
2000,USA,0.7,0.5,1.0,0.6,1.5,0.9
2000,UZB,81.3,38.4,94.7,59.5,99.0,77.3
2000,ZAF,36.8,14.3,55.4,27.7,74.3,45.7
2001,ARG,8.2,4.3,15.4,7.3,31.1,14.8
2001,ARM,14.0,3.0,47.2,14.3,83.8,40.5
2001,AUS,0.7,0.6,1.0,0.7,1.5,1.0
2001,AZE,6.2,1.1,28.3,7.5,71.0,28.6
2001,BIH,0.3,0.1,1.1,0.3,13.8,3.1
2001,BLR,6.6,1.5,28.1,7.6,73.7,28.9
2001,BOL,19.0,9.9,29.8,15.8,51.8,27.6
2001,BRA,13.0,5.2,26.2,11.2,48.0,23.6
2001,CAN,0.2,0.1,0.5,0.2,0.7,0.4
2001,CMR,25.7,6.9,55.8,21.2,84.0,45.4
2001,COL,21.0,10.4,39.5,18.6,67.0,35.7
2001,CPV,19.6,5.7,42.1,16.3,70.7,36.0
2001,CRI,5.1,2.3,11.5,4.7,28.0,11.5
2001,DEU,0.0,0.0,0.2,0.0,0.2,0.1
2001,DOM,5.1,1.6,16.1,5.2,40.5,16.2
2001,EAS,37.0,11.8,64.8,28.5,87.8,52.0
2001,ECS,8.3,2.9,19.2,7.3,45.6,19.1
2001,FCS,44.8,19.9,65.7,34.9,84.2,54.3
2001,FRA,0.0,0.0,0.2,0.0,0.2,0.1
2001,GBR,0.2,0.2,0.5,0.2,0.7,0.4
2001,GEO,23.0,7.7,52.4,20.3,83.5,43.9
2001,HND,19.8,8.1,34.0,16.0,56.5,29.8
2001,IDA,47.6,18.7,75.7,37.2,92.5,60.2
2001,IDN,40.3,9.7,78.3,31.5,95.6,58.8
2001,ISR,0.2,0.0,0.5,0.2,4.2,1.0
2001,KAZ,12.8,3.3,37.6,12.2,74.5,33.8
2001,KGZ,33.4,8.2,71.5,27.5,95.0,55.1
2001,LCN,13.5,5.6,26.9,11.6,50.4,24.6
2001,LMY,35.5,11.6,62.6,27.7,83.8,49.9
2001,LUX,0.0,0.0,0.0,0.0,0.0,0.0
2001,MDA,23.3,6.5,55.1,20.5,85.8,45.5
2001,MDG,71.0,36.1,86.2,54.1,95.9,71.9
2001,MEA,3.0,0.5,18.8,4.5,54.0,19.9
2001,MLI,57.2,22.4,79.9,42.0,95.6,64.5
2001,NIC,17.8,6.1,40.1,15.5,69.0,34.5
2001,PAK,33.3,6.8,77.4,28.3,96.0,57.1
2001,PAN,14.0,7.1,22.8,11.7,40.0,21.0
2001,PER,20.3,7.7,37.5,16.4,63.9,33.0
2001,PRY,8.9,3.3,18.4,7.6,39.5,18.0
2001,SEN,52.4,18.2,79.0,38.5,94.3,62.0
2001,SLV,14.1,6.3,27.5,12.2,52.4,25.5
2001,SSF,55.0,24.4,77.2,42.2,91.6,62.7
2001,SWE,0.2,0.1,0.2,0.2,0.5,0.3
2001,TLS,40.9,12.3,72.5,31.3,93.7,57.0
2001,URY,0.5,0.1,2.8,0.7,14.1,4.1
2001,USA,0.7,0.6,1.0,0.8,1.7,1.1
2001,VEN,10.3,4.4,23.7,9.4,51.2,22.8
2002,ALB,1.1,0.2,11.4,2.3,52.1,16.2
2002,ARG,12.4,4.7,24.0,10.4,44.4,21.8
2002,ARM,10.0,2.1,43.7,12.1,82.9,38.2
2002,AZE,0.1,0.0,2.6,0.3,48.5,10.2
2002,BLR,4.4,1.0,22.3,5.7,67.7,24.6
2002,BOL,19.7,10.9,31.6,17.0,53.8,29.1
2002,BRA,11.7,4.4,25.3,10.2,47.3,22.7
2002,BWA,29.1,11.1,49.6,23.2,68.6,40.8
2002,CAN,0.2,0.1,0.5,0.2,0.7,0.4
2002,CHE,0.0,0.0,0.0,0.0,0.2,0.0
2002,CHN,36.9,12.3,62.6,28.2,87.1,51.0
2002,CIV,29.1,8.9,63.5,24.8,86.6,49.4
2002,COL,14.2,5.1,30.9,12.1,57.7,27.8
2002,CRI,4.7,2.1,10.5,4.3,27.8,11.1
2002,CZE,0.0,0.0,0.0,0.0,0.7,0.2
2002,DEU,0.0,0.0,0.0,0.0,0.2,0.1
2002,DJI,22.5,6.9,51.6,19.6,82.5,43.2
2002,DOM,7.6,2.5,17.7,6.6,40.0,17.1
2002,EAS,32.5,10.2,60.7,25.7,85.5,49.0
2002,ECS,7.4,2.6,17.0,6.4,42.6,17.3
2002,FCS,44.2,19.3,65.5,34.4,84.6,54.1
2002,FJI,1.7,0.3,12.8,2.8,44.9,14.8
2002,FRA,0.0,0.0,0.0,0.0,0.2,0.1
2002,GBR,0.2,0.2,0.5,0.2,0.7,0.4
2002,GEO,12.7,3.8,35.5,12.0,72.7,32.8
2002,GIN,53.3,20.8,78.9,40.2,94.0,62.8
2002,GNB,53.2,18.4,82.6,39.7,96.8,64.1
2002,HND,22.0,9.2,38.0,17.9,61.5,33.4
2002,IDA,46.8,18.1,75.3,36.6,92.5,59.8
2002,IDN,23.5,4.3,68.3,22.4,93.3,51.5
2002,IRL,0.2,0.1,0.5,0.2,1.2,0.5
2002,ISR,0.5,0.3,1.7,0.6,8.5,2.3
2002,ITA,1.5,1.1,1.7,1.4,2.7,1.8
2002,JAM,2.1,0.5,8.9,2.4,33.3,11.1
2002,JOR,0.2,0.0,2.7,0.5,22.8,5.6
2002,KAZ,8.9,1.9,33.4,9.6,72.3,31.0
2002,KGZ,31.1,7.7,69.7,26.4,94.6,54.1
2002,LAO,25.4,5.4,65.3,22.6,91.9,50.6
2002,LCN,12.6,5.0,26.4,10.9,50.3,24.1
2002,LKA,11.0,2.0,42.2,12.2,76.8,35.8
2002,LMY,33.5,10.7,60.8,26.4,82.7,48.6
2002,LSO,66.3,35.6,84.1,52.4,95.1,70.3
2002,LUX,0.0,0.0,0.0,0.0,0.0,0.0
2002,MDA,13.6,3.0,40.5,12.8,76.9,35.3
2002,MDV,6.6,1.5,27.9,7.3,71.3,28.0
2002,MEX,7.5,2.2,20.6,7.1,47.0,19.8
2002,MNG,11.6,2.7,37.6,11.7,77.1,34.4
2002,MOZ,80.6,41.7,92.5,60.8,97.5,77.1
2002,PAN,9.6,3.8,19.5,8.2,37.1,17.7
2002,PER,17.5,6.7,34.2,14.6,60.2,30.2
2002,PRY,13.2,5.0,27.2,11.2,51.7,24.7
2002,SAS,40.4,10.0,77.4,31.4,94.8,58.3
2002,SLV,14.7,6.5,27.7,12.4,52.4,25.7
2002,SSF,54.4,23.7,76.9,41.6,91.6,62.4
2002,SWE,0.0,0.0,0.2,0.0,0.5,0.1
2002,THA,1.8,0.3,16.4,3.5,50.8,18.1
2002,UGA,66.0,27.2,85.7,48.0,95.2,68.5
2002,UKR,2.7,0.5,17.0,3.7,61.9,20.8
2002,URY,0.6,0.1,3.9,0.9,18.5,5.5
2002,USA,0.7,0.6,1.0,0.7,1.7,1.0
2002,UZB,80.5,34.5,94.2,56.9,99.1,75.9
2002,VEN,16.4,7.6,32.6,14.5,60.7,30.0
2002,VNM,29.9,7.3,65.6,25.0,88.9,50.7
2002,WSM,2.2,0.4,13.7,3.3,46.7,15.4
2002,ZMB,56.4,21.3,81.4,41.7,95.0,64.4
2003,ARG,5.4,1.9,12.7,4.8,29.7,12.6
2003,ARM,7.5,1.2,39.7,9.8,82.6,36.0
2003,AUS,1.0,0.7,1.2,0.9,1.7,1.1
2003,AUT,0.3,0.3,0.4,0.3,0.7,0.4
2003,AZE,0.1,0.0,3.3,0.4,44.6,10.2
2003,BEL,0.3,0.1,0.5,0.2,0.9,0.4
2003,BEN,53.1,18.2,80.8,39.4,95.1,63.1
2003,BFA,54.7,22.1,79.2,41.4,93.8,63.3
2003,BLR,3.5,0.8,18.8,4.7,64.8,22.4
2003,BRA,12.6,4.9,26.1,10.9,48.7,23.6
2003,BTN,13.4,2.3,41.6,13.0,73.3,35.0
2003,CAN,0.2,0.1,0.5,0.2,0.7,0.4
2003,CHL,5.3,2.0,15.3,5.2,40.6,16.0
2003,COL,13.0,4.9,29.3,11.6,58.0,27.1
2003,CRI,4.7,2.0,10.5,4.3,26.5,10.8
2003,DEU,0.0,0.0,0.2,0.1,0.5,0.2
2003,DNK,0.3,0.2,0.4,0.3,0.4,0.3
2003,DOM,8.7,2.9,21.8,7.9,49.0,21.3
2003,EAS,28.5,8.4,57.0,23.1,83.5,46.3
2003,ECS,7.3,2.7,16.1,6.3,41.0,16.6
2003,ECU,14.8,5.8,30.7,12.8,57.7,28.1
2003,ESP,0.8,0.5,1.2,0.7,2.2,1.1
2003,EST,2.5,1.3,5.5,2.3,16.9,6.1
2003,FCS,42.8,18.5,65.1,33.6,85.6,53.9
2003,FIN,0.0,0.0,0.1,0.0,0.2,0.1
2003,FRA,0.2,0.1,0.2,0.1,0.4,0.2
2003,GBR,0.2,0.2,0.2,0.2,0.7,0.4
2003,GEO,12.9,4.0,35.9,12.2,72.0,32.8
2003,GMB,50.7,20.3,73.5,37.9,90.9,59.5
2003,GRC,0.5,0.4,0.7,0.5,1.9,0.8
2003,HND,26.5,11.6,43.3,21.3,65.0,37.2
2003,IDA,44.8,17.2,74.1,35.4,92.4,58.9
2003,IDN,22.8,4.4,66.5,21.9,93.2,50.9
2003,IRL,0.1,0.1,0.2,0.1,0.5,0.2
2003,ISL,0.0,0.0,0.1,0.0,0.4,0.1
2003,ISR,0.5,0.2,2.0,0.6,9.0,2.5
2003,ITA,0.8,0.5,1.1,0.7,2.1,1.1
2003,KAZ,6.2,1.3,28.0,7.5,67.6,27.2
2003,KGZ,25.7,5.3,67.5,23.2,94.1,51.9
2003,LCN,12.3,4.9,25.7,10.7,49.8,23.6
2003,LMY,31.4,9.8,58.9,25.0,81.9,47.2
2003,LUX,0.1,0.0,0.1,0.1,0.5,0.2
2003,MDA,5.6,1.0,27.7,7.1,69.6,27.5
2003,MEA,2.8,0.5,18.6,4.3,54.8,20.1
2003,MYS,1.6,0.3,8.2,2.0,27.8,9.5
2003,NAM,35.9,12.2,60.2,27.5,78.0,47.6
2003,NGA,47.9,18.8,75.6,37.1,94.0,60.5
2003,NOR,0.2,0.1,0.2,0.2,0.4,0.2
2003,NPL,40.3,11.5,70.6,30.3,89.7,55.1
2003,PAN,9.9,3.9,18.7,8.2,35.8,17.1
2003,PER,14.7,4.8,32.3,12.7,59.4,28.7
2003,PHL,13.6,3.3,37.3,12.5,68.1,32.3
2003,PRT,0.9,0.5,1.5,0.8,4.0,1.6
2003,PRY,8.3,2.7,20.0,7.4,44.7,19.4
2003,SAS,38.9,9.5,76.3,30.6,94.5,57.5
2003,SLE,61.3,23.9,83.7,44.9,94.8,66.3
2003,SLV,15.8,7.8,28.4,13.7,53.6,26.7
2003,SSF,53.2,22.7,76.6,40.8,91.7,61.9
2003,SWE,0.3,0.2,0.5,0.3,1.0,0.5
2003,SYR,1.1,0.2,11.7,2.3,48.6,15.5
2003,TCD,57.8,23.1,82.6,43.3,95.9,65.7
2003,TJK,36.7,10.5,72.7,29.7,94.8,56.4
2003,UKR,1.1,0.2,10.4,2.1,54.1,16.0
2003,URY,0.8,0.2,5.1,1.2,24.5,7.3
2003,USA,1.0,0.7,1.2,0.9,2.0,1.2
2003,UZB,81.5,37.8,94.6,59.1,99.1,77.0
2003,VEN,19.7,9.2,38.1,17.4,67.0,34.4
2003,XKX,2.4,0.3,21.8,4.5,67.7,24.5
2004,ARG,3.9,1.3,9.8,3.5,24.9,10.0
2004,ARM,5.3,1.2,28.9,7.1,73.5,29.2
2004,AUS,0.7,0.4,0.7,0.5,1.2,0.7
2004,AUT,0.1,0.1,0.1,0.1,0.4,0.1
2004,AZE,0.0,0.0,1.0,0.1,42.3,8.5
2004,BEL,0.1,0.0,0.1,0.1,0.4,0.1
2004,BIH,0.2,0.1,0.7,0.2,6.6,1.5
2004,BLR,1.3,0.2,10.6,2.3,54.3,16.0
2004,BOL,10.2,4.3,21.1,8.9,45.8,20.6
2004,BRA,11.1,4.1,24.4,9.7,47.3,22.3
2004,CAN,0.2,0.1,0.2,0.2,0.7,0.4
2004,CHE,0.0,0.0,0.2,0.1,0.5,0.2
2004,COD,91.5,58.3,97.6,73.5,99.7,85.4
2004,COL,12.0,3.9,28.8,10.7,57.3,26.5
2004,COM,14.6,4.2,37.3,13.2,68.3,32.8
2004,CRI,4.7,1.8,9.8,4.0,27.9,10.8
2004,CYP,0.1,0.1,0.1,0.1,0.3,0.1
2004,CZE,0.0,0.0,0.0,0.0,1.3,0.3
2004,DEU,0.0,0.0,0.0,0.0,0.2,0.1
2004,DNK,0.3,0.2,0.3,0.2,0.4,0.3
2004,DOM,11.6,3.6,27.9,10.3,57.0,25.9
2004,EAS,24.9,6.9,53.5,20.7,81.2,43.6
2004,ECS,5.5,1.8,13.4,4.9,36.1,14.0
2004,ECU,15.1,6.1,32.4,13.2,59.0,28.8
2004,EGY,3.1,0.4,28.1,6.0,77.7,29.9
2004,ESP,0.8,0.6,1.3,0.8,2.4,1.2
2004,EST,1.1,0.5,3.2,1.1,10.9,3.7
2004,ETH,34.6,7.6,77.0,28.2,96.3,57.2
2004,FCS,39.8,16.9,62.6,31.5,83.0,51.6
2004,FIN,0.0,0.0,0.1,0.0,0.2,0.1
2004,FRA,0.0,0.0,0.1,0.0,0.3,0.1
2004,GBR,0.2,0.2,0.2,0.2,0.5,0.3
2004,GEO,12.4,3.7,32.7,11.3,70.0,30.9
2004,GRC,0.6,0.5,1.0,0.6,1.9,1.0
2004,HND,25.4,11.1,42.0,20.6,64.5,36.4
2004,HUN,0.1,0.1,0.4,0.1,5.7,1.2
2004,IDA,41.3,15.6,71.6,33.1,91.5,57.0
2004,IDN,24.2,5.0,66.7,22.3,92.7,51.0
2004,IND,40.6,10.0,77.5,31.5,94.7,58.3
2004,IRL,0.1,0.0,0.1,0.0,0.4,0.1
2004,ISL,0.2,0.1,0.2,0.1,0.4,0.2
2004,ISR,0.5,0.3,2.0,0.6,9.7,3.0
2004,ITA,0.6,0.5,0.9,0.6,1.7,0.9
2004,JAM,1.2,0.3,7.2,1.6,29.1,9.0
2004,KAZ,3.3,0.6,21.6,4.9,64.3,23.6
2004,KGZ,11.6,2.4,44.2,13.0,80.0,37.3
2004,LCN,11.3,4.4,24.1,9.8,48.3,22.4
2004,LMY,29.0,8.8,56.7,23.4,80.2,45.4
2004,LTU,2.7,1.2,7.3,2.6,21.6,8.0
2004,LUX,0.0,0.0,0.0,0.0,0.1,0.0
2004,LVA,2.5,1.2,5.8,2.4,19.3,6.9
2004,MDA,6.6,1.4,28.7,7.9,70.2,28.2
2004,MEA,2.7,0.5,17.1,4.0,51.1,18.6
2004,MEX,7.2,2.4,17.7,6.3,44.2,17.9
2004,MRT,18.1,4.7,49.3,16.9,82.7,41.5
2004,MWI,68.9,27.9,88.8,49.8,97.2,70.6
2004,NLD,0.2,0.1,0.4,0.2,0.8,0.4
2004,NOR,0.3,0.2,0.3,0.2,0.6,0.3
2004,PAK,20.2,3.9,64.8,20.6,92.2,49.6
2004,PAN,8.7,3.3,17.6,7.4,34.7,16.2
2004,PER,16.3,5.6,32.8,13.5,59.8,29.2
2004,POL,2.2,1.0,5.0,2.0,16.2,5.8
2004,PRT,0.5,0.3,1.1,0.5,3.3,1.2
2004,PRY,5.7,1.7,17.3,5.6,42.8,17.2
2004,PSE,0.6,0.1,3.6,0.9,23.6,6.0
2004,SAS,37.2,8.9,75.0,29.6,94.0,56.6
2004,SLV,11.5,5.1,24.1,10.3,51.8,23.5
2004,SSF,50.4,21.2,74.9,38.9,91.3,60.5
2004,SVK,0.1,0.0,1.0,0.2,8.3,2.1
2004,SVN,0.0,0.0,0.2,0.1,0.5,0.2
2004,SWE,0.4,0.3,0.6,0.4,1.0,0.6
2004,THA,1.2,0.2,12.2,2.5,44.3,14.9
2004,TJK,21.4,5.0,55.0,18.9,87.7,45.5
2004,UKR,0.9,0.1,8.3,1.6,43.9,12.4
2004,URY,1.0,0.2,6.5,1.5,25.1,8.1
2004,USA,1.0,0.8,1.2,0.9,2.0,1.2
2004,VEN,16.6,8.0,32.5,14.7,61.5,30.3
2004,VNM,20.1,4.9,54.1,18.5,84.2,43.6
2004,ZMB,61.1,30.7,78.6,47.3,91.9,65.8
2005,ALB,0.6,0.1,7.3,1.4,40.4,11.5
2005,ARG,2.7,0.9,8.0,2.7,21.0,8.1
2005,ARM,2.6,0.6,19.4,4.3,67.5,23.8
2005,AUT,0.2,0.1,0.2,0.1,0.5,0.2
2005,AZE,0.0,0.0,0.3,0.0,31.3,5.3
2005,BEL,0.2,0.1,0.3,0.2,0.5,0.3
2005,BGD,24.0,4.6,65.1,22.0,90.9,49.9
2005,BLR,0.9,0.2,6.0,1.3,36.0,10.2
2005,BOL,15.6,7.9,25.7,13.0,47.2,24.0
2005,BRA,10.0,3.6,22.3,8.7,45.0,20.8
2005,CAN,0.2,0.2,0.5,0.2,1.0,0.4
2005,CHN,22.3,6.1,49.1,18.6,78.6,40.8
2005,COG,49.6,19.6,72.8,37.3,89.8,58.8
2005,COL,10.7,3.7,25.6,9.5,53.5,24.0
2005,CRI,3.3,1.2,8.5,3.0,25.4,9.3
2005,CYP,0.0,0.0,0.1,0.0,0.1,0.0
2005,CZE,0.0,0.0,0.1,0.0,0.8,0.2
2005,DEU,0.0,0.0,0.2,0.0,0.2,0.1
2005,DNK,0.3,0.1,0.3,0.2,0.5,0.3
2005,DOM,7.4,2.3,21.4,7.2,48.2,20.3
2005,EAS,20.7,5.4,49.1,17.9,78.5,40.5
2005,ECS,4.7,1.3,12.3,4.3,32.6,12.6
2005,ECU,11.8,4.5,25.5,10.3,50.6,23.5
2005,ESP,0.7,0.5,1.1,0.7,2.6,1.1
2005,EST,0.8,0.3,1.9,0.7,7.6,2.4
2005,FCS,38.1,16.1,60.9,30.3,81.4,50.2
2005,FIN,0.1,0.0,0.1,0.1,0.2,0.1
2005,FRA,0.0,0.0,0.1,0.0,0.3,0.1
2005,FSM,8.6,1.9,27.1,8.4,59.7,25.1
2005,GAB,5.5,1.2,21.0,6.0,55.1,21.5
2005,GBR,0.2,0.2,0.5,0.3,0.7,0.4
2005,GEO,12.9,4.0,35.2,12.2,71.7,32.4
2005,GHA,42.5,16.1,70.1,33.3,91.0,56.6
2005,GRC,0.3,0.2,0.5,0.3,1.7,0.7
2005,HND,25.1,12.1,39.8,20.5,62.0,35.2
2005,HUN,0.7,0.4,1.5,0.6,7.4,2.2
2005,IDA,39.2,14.6,69.9,31.7,91.0,55.8
2005,IDN,20.1,4.0,63.0,19.9,92.4,49.0
2005,IRL,0.0,0.0,0.1,0.0,0.3,0.1
2005,IRN,1.0,0.2,5.7,1.4,23.5,7.4
2005,ISL,0.0,0.0,0.1,0.0,0.2,0.1
2005,ISR,0.5,0.4,1.5,0.6,9.4,2.6
2005,ITA,0.6,0.5,1.0,0.6,1.9,1.0
2005,KAZ,8.7,2.1,28.4,8.8,61.5,26.3
2005,KEN,36.7,12.9,64.4,28.9,87.4,51.9
2005,KGZ,13.6,2.6,49.7,14.6,84.7,41.0
2005,LCN,10.7,4.2,22.5,9.3,45.7,21.1
2005,LMY,26.6,7.9,54.4,21.9,78.7,43.8
2005,LTU,1.8,0.8,4.4,1.8,14.9,5.2
2005,LUX,0.0,0.0,0.1,0.0,0.1,0.1
2005,LVA,2.4,1.2,5.2,2.2,17.3,6.3
2005,MDA,10.9,2.6,35.7,11.1,75.3,33.3
2005,MDG,74.2,32.9,90.4,54.0,98.0,73.3
2005,MEA,2.7,0.5,16.7,3.9,50.6,18.4
2005,MEX,7.8,2.6,17.8,6.6,42.9,17.8
2005,NER,80.5,40.9,92.8,60.3,98.1,77.2
2005,NIC,9.1,2.5,29.3,9.3,61.0,26.7
2005,NLD,0.1,0.1,0.2,0.1,0.5,0.2
2005,NOR,0.2,0.1,0.3,0.2,0.5,0.3
2005,PAK,20.3,3.5,65.1,20.5,92.4,49.7
2005,PAN,8.6,3.1,16.4,7.0,34.5,15.7
2005,PER,17.8,6.6,35.2,14.9,61.5,31.0
2005,POL,0.9,0.4,2.8,0.9,12.5,3.8
2005,PRT,0.5,0.3,1.1,0.5,3.3,1.2
2005,PRY,6.1,2.0,15.0,5.5,39.1,15.8
2005,PSE,0.2,0.0,3.2,0.6,21.5,5.7
2005,RWA,66.1,29.3,83.8,48.8,93.9,68.2
2005,SAS,35.5,8.4,73.7,28.6,93.6,55.7
2005,SEN,41.1,13.9,70.4,31.9,91.9,56.2
2005,SLB,50.6,20.0,74.6,38.3,91.0,59.9
2005,SLV,11.3,4.3,24.2,9.8,51.8,23.3
2005,SSF,48.7,20.1,73.7,37.6,91.0,59.5
2005,SVK,0.2,0.1,0.9,0.2,5.2,1.4
2005,SVN,0.1,0.1,0.2,0.1,0.5,0.2
2005,SWE,1.1,0.7,1.3,0.9,1.8,1.2
2005,TUN,2.6,0.5,12.7,3.2,42.1,14.4
2005,UGA,57.3,21.9,80.9,42.1,94.2,64.2
2005,UKR,0.4,0.1,3.9,0.7,31.0,7.8
2005,URY,0.9,0.2,5.8,1.3,22.7,7.3
2005,USA,1.0,0.8,1.2,0.9,1.7,1.1
2005,VEN,14.4,8.2,25.7,12.9,51.2,25.2
2005,XKX,4.2,0.9,22.4,5.6,67.1,24.9
2005,YEM,10.5,2.0,40.7,11.7,81.7,36.8
2005,ZAF,28.3,9.3,51.2,22.3,71.8,41.6
2006,ARG,2.2,0.8,6.0,2.1,16.9,6.4
2006,ARM,2.0,0.3,15.5,3.3,62.8,20.7
2006,AUT,0.1,0.0,0.2,0.1,0.5,0.2
2006,BDI,71.8,27.3,90.5,50.3,98.2,71.5
2006,BEL,0.2,0.1,0.2,0.1,0.4,0.2
2006,BGR,5.8,2.7,11.5,5.1,28.5,11.6
2006,BLR,0.4,0.1,3.5,0.7,27.9,7.2
2006,BOL,12.5,6.2,22.2,10.8,42.1,21.0
2006,BRA,8.3,3.1,19.4,7.4,41.4,18.4
2006,CAN,0.2,0.1,0.5,0.2,0.7,0.4
2006,CHE,0.0,0.0,0.2,0.1,0.4,0.2
2006,CHL,2.0,0.6,7.6,2.2,29.1,9.5
2006,CRI,3.3,1.3,8.2,3.1,25.1,9.2
2006,CYP,0.0,0.0,0.0,0.0,0.0,0.0
2006,CZE,0.1,0.0,0.1,0.0,0.8,0.2
2006,DEU,0.0,0.0,0.0,0.0,0.2,0.0
2006,DNK,0.1,0.0,0.2,0.1,0.3,0.2
2006,DOM,6.3,1.7,18.6,6.0,45.0,18.2
2006,EAS,19.9,5.2,47.0,17.2,76.2,39.0
2006,ECS,3.3,0.9,9.9,3.2,28.9,10.5
2006,ECU,8.2,2.8,20.1,7.4,45.8,19.7
2006,ESP,0.8,0.6,1.1,0.7,2.6,1.2
2006,EST,0.8,0.4,1.4,0.7,4.6,1.6
2006,FCS,36.9,15.1,59.8,29.2,80.4,49.2
2006,FIN,0.1,0.1,0.1,0.1,0.2,0.1
2006,FRA,0.0,0.0,0.1,0.0,0.2,0.1
2006,GBR,0.2,0.2,0.2,0.2,0.7,0.4
2006,GEO,12.6,3.8,35.6,12.1,72.7,32.8
2006,GRC,0.6,0.3,0.9,0.5,2.2,0.9
2006,GTM,11.7,3.9,25.2,10.0,48.6,22.8
2006,HND,21.1,9.9,35.1,17.4,56.4,31.1
2006,HUN,0.1,0.1,0.3,0.1,4.0,0.8
2006,IDA,37.4,13.7,68.4,30.4,90.5,54.7
2006,IDN,26.2,5.8,67.5,23.3,93.3,51.7
2006,IRL,0.4,0.1,0.5,0.2,0.6,0.4
2006,IRN,0.8,0.2,6.0,1.3,24.7,7.7
2006,IRQ,0.0,0.0,2.1,0.3,26.4,5.8
2006,ISL,0.1,0.1,0.3,0.1,0.4,0.2
2006,ISR,0.2,0.1,1.2,0.3,9.0,2.3
2006,ITA,0.7,0.5,0.9,0.6,1.6,0.9
2006,JOR,0.1,0.0,0.9,0.1,13.5,2.8
2006,KAZ,1.0,0.2,8.4,1.7,50.8,14.2
2006,KGZ,8.4,1.5,37.0,10.0,72.9,32.2
2006,KIR,14.0,3.7,37.8,12.4,77.4,34.7
2006,KOR,0.2,0.2,0.7,0.3,2.0,0.7
2006,LCN,8.9,3.5,19.6,7.8,41.9,18.7
2006,LKA,5.6,0.9,29.8,7.5,69.4,28.7
2006,LMY,25.4,7.4,52.7,21.0,77.1,42.5
2006,LTU,1.5,0.7,2.9,1.3,8.7,3.1
2006,LUX,0.0,0.0,0.0,0.0,0.0,0.0
2006,LVA,1.6,0.8,2.7,1.4,9.4,3.5
2006,MAR,4.2,0.8,20.2,5.2,59.2,22.0
2006,MDA,2.0,0.5,10.6,2.5,41.9,13.4
2006,MEA,2.6,0.4,16.4,3.8,50.0,18.1
2006,MEX,5.4,1.6,15.0,5.0,39.7,15.5
2006,MLI,49.7,17.1,77.2,37.0,93.7,60.6
2006,MLT,0.5,0.2,0.6,0.3,0.8,0.5
2006,MUS,0.3,0.1,2.8,0.6,22.8,5.5
2006,MYS,0.8,0.2,4.9,1.1,22.4,6.8
2006,NLD,0.0,0.0,0.1,0.0,0.2,0.1
2006,NOR,0.1,0.1,0.3,0.1,0.7,0.3
2006,PAN,9.4,3.9,17.4,7.8,33.9,16.1
2006,PER,15.6,5.7,30.4,12.9,55.9,27.5
2006,PHL,14.9,3.6,39.4,13.4,67.9,33.2
2006,POL,0.7,0.3,1.8,0.7,9.2,2.7
2006,PRT,0.1,0.0,0.6,0.1,3.0,0.8
2006,PRY,7.9,2.4,19.5,7.2,43.8,18.9
2006,PSE,0.3,0.0,2.0,0.3,19.7,4.7
2006,ROU,7.4,2.6,18.0,6.7,42.2,17.6
2006,SAS,33.8,7.8,72.5,27.6,93.2,54.9
2006,SLV,7.7,2.2,21.0,7.0,50.5,20.5
2006,SSF,47.2,19.1,72.4,36.4,90.3,58.5
2006,SVK,0.2,0.1,0.8,0.3,3.5,1.1
2006,SVN,0.1,0.0,0.1,0.0,0.4,0.1
2006,SWE,0.4,0.2,0.5,0.3,1.0,0.5
2006,SYR,1.8,0.1,16.6,3.8,46.8,17.1
2006,TGO,61.0,24.9,81.4,44.6,94.7,65.7
2006,THA,0.9,0.2,8.7,1.8,36.9,11.7
2006,UKR,0.2,0.0,2.7,0.5,26.6,6.3
2006,URY,0.6,0.1,4.5,0.9,22.3,6.6
2006,USA,1.0,0.8,1.2,0.9,2.0,1.2
2006,VEN,7.1,3.6,15.5,6.6,38.8,16.2
2006,VNM,14.9,3.5,44.6,14.3,79.8,38.1
2006,XKX,4.1,0.6,22.3,5.2,68.1,25.0
2006,ZMB,64.7,33.6,81.2,50.2,92.6,68.0
2007,ARG,1.8,0.7,5.0,1.7,15.6,5.5
2007,ARM,1.5,0.3,13.7,2.8,56.0,17.6
2007,AUT,0.4,0.3,0.6,0.3,0.8,0.5
2007,BEL,0.2,0.1,0.2,0.1,0.4,0.2
2007,BGR,1.8,0.7,4.9,1.7,15.0,5.3
2007,BIH,0.1,0.0,0.4,0.1,4.8,1.0
2007,BLR,0.2,0.0,2.7,0.5,20.7,5.0
2007,BOL,9.5,4.6,18.6,8.2,41.2,18.9
2007,BRA,7.9,3.1,18.0,7.0,39.0,17.3
2007,BTN,5.9,1.1,26.6,7.2,62.3,25.4
2007,CAN,0.2,0.1,0.2,0.2,0.5,0.3
2007,CHE,0.0,0.0,0.1,0.0,0.4,0.1
2007,CMR,31.4,9.3,58.5,24.5,84.3,47.5
2007,CPV,10.6,2.5,30.7,10.0,62.6,27.8
2007,CRI,1.8,0.7,5.9,1.9,20.3,7.0
2007,CYP,0.0,0.0,0.0,0.0,0.1,0.0
2007,CZE,0.1,0.0,0.2,0.1,0.7,0.2
2007,DEU,0.0,0.0,0.0,0.0,0.2,0.1
2007,DNK,0.0,0.0,0.3,0.1,0.6,0.3
2007,DOM,6.1,1.7,18.1,5.8,44.3,17.9
2007,EAS,17.6,4.6,43.4,15.5,73.0,36.4
2007,ECS,2.2,0.6,7.8,2.3,25.0,8.7
2007,ECU,8.5,3.2,19.6,7.5,44.9,19.3
2007,ESP,0.4,0.3,0.7,0.4,1.6,0.7
2007,EST,0.4,0.2,0.9,0.4,3.0,1.1
2007,FCS,35.4,14.0,58.8,28.1,80.1,48.2
2007,FIN,0.1,0.0,0.1,0.1,0.1,0.1
2007,FRA,0.0,0.0,0.0,0.0,0.1,0.0
2007,GBR,0.2,0.2,0.5,0.2,0.7,0.4
2007,GEO,14.2,4.2,37.8,13.0,74.1,34.2
2007,GIN,48.1,16.6,74.8,35.9,92.9,59.4
2007,GRC,0.5,0.4,0.7,0.5,1.7,0.8
2007,HND,15.6,5.9,30.2,13.0,54.2,27.2
2007,HUN,0.1,0.0,0.4,0.1,4.0,0.8
2007,IDA,35.4,12.7,66.6,29.0,89.9,53.4
2007,IDN,21.6,4.4,60.9,20.2,89.7,47.7
2007,IRL,0.1,0.1,0.1,0.1,0.5,0.2
2007,ISL,0.1,0.0,0.1,0.1,0.3,0.1
2007,ISR,0.5,0.2,1.0,0.4,7.2,2.0
2007,ITA,0.7,0.5,1.1,0.6,1.7,1.0
2007,KAZ,0.4,0.1,4.5,0.8,38.0,9.5
2007,KGZ,8.8,1.7,33.6,9.5,74.2,31.8
2007,LAO,19.5,4.3,58.5,19.1,88.3,46.2
2007,LBR,53.3,19.5,82.8,40.7,96.5,64.6
2007,LCN,7.7,2.9,18.0,6.9,40.0,17.4
2007,LMY,23.8,6.9,50.6,19.8,75.5,41.0
2007,LTU,1.3,0.7,1.9,1.1,6.1,2.2
2007,LUX,0.0,0.0,0.0,0.0,0.0,0.0
2007,LVA,0.6,0.3,1.7,0.6,6.1,2.1
2007,MDA,1.0,0.2,6.5,1.4,32.5,9.6
2007,MEA,2.5,0.5,16.0,3.8,49.4,17.8
2007,MLT,0.4,0.2,0.7,0.3,1.1,0.6
2007,MNG,1.7,0.3,14.8,3.1,50.6,17.4
2007,NER,78.9,34.7,93.0,56.5,97.9,75.0
2007,NLD,0.0,0.0,0.1,0.0,0.4,0.1
2007,NOR,0.1,0.1,0.3,0.1,0.5,0.3
2007,PAK,14.9,2.3,60.6,17.4,91.4,46.9
2007,PAN,6.7,2.2,14.9,5.7,30.5,13.6
2007,PER,13.2,4.6,26.5,10.9,50.3,23.9
2007,POL,0.5,0.3,1.3,0.5,5.7,1.7
2007,PRT,0.3,0.1,0.9,0.3,2.2,0.8
2007,PRY,7.8,2.4,16.7,6.5,40.3,16.8
2007,PSE,1.4,0.2,5.1,1.3,27.7,7.7
2007,ROU,5.3,1.7,13.9,4.9,36.2,14.1
2007,SAS,32.1,7.3,71.2,26.7,92.9,54.0
2007,SLV,5.1,1.3,16.8,5.1,47.2,17.9
2007,SSF,46.0,18.2,71.6,35.6,90.0,57.7
2007,SVK,0.4,0.2,1.0,0.4,3.2,1.1
2007,SVN,0.0,0.0,0.1,0.0,0.2,0.1
2007,SWE,0.4,0.3,0.6,0.4,0.9,0.5
2007,THA,0.5,0.1,6.7,1.2,34.8,10.3
2007,TJK,12.8,4.5,42.7,13.6,85.0,38.7
2007,TLS,40.9,10.1,80.4,32.1,97.7,60.1
2007,TZA,56.2,21.0,81.6,41.6,95.3,64.4
2007,UKR,0.1,0.0,2.1,0.3,26.4,5.9
2007,URY,0.4,0.1,3.6,0.7,19.6,5.6
2007,USA,1.0,0.7,1.2,0.9,1.7,1.1
2008,AGO,14.6,4.0,37.5,13.2,68.9,32.7
2008,ALB,0.2,0.0,3.9,0.5,33.4,8.2
2008,ARG,1.6,0.6,4.8,1.6,14.2,5.2
2008,ARM,0.9,0.2,9.2,1.7,52.1,15.5
2008,AUS,0.4,0.3,0.7,0.4,0.7,0.5
2008,AUT,0.5,0.2,0.6,0.4,1.0,0.6
2008,BEL,0.1,0.1,0.1,0.1,0.3,0.2
2008,BGR,1.3,0.4,3.5,1.2,11.3,3.9
2008,BLR,0.2,0.0,1.7,0.3,16.4,3.8
2008,BOL,8.3,3.8,15.1,7.0,33.9,15.1
2008,BRA,6.5,2.5,15.7,5.9,35.8,15.3
2008,CAF,61.9,29.7,80.8,47.4,92.8,66.4
2008,CAN,0.2,0.1,0.2,0.2,0.7,0.4
2008,CHE,0.1,0.0,0.1,0.1,0.3,0.1
2008,CHN,17.3,4.8,40.1,14.9,69.3,34.2
2008,CIV,34.4,12.4,62.9,28.1,86.6,51.0
2008,COL,11.0,4.3,24.1,9.7,48.5,22.5
2008,CRI,2.4,0.9,5.7,2.1,20.0,6.9
2008,CYP,0.0,0.0,0.0,0.0,0.0,0.0
2008,CZE,0.0,0.0,0.1,0.0,0.5,0.1
2008,DEU,0.0,0.0,0.2,0.0,0.2,0.1
2008,DNK,0.1,0.1,0.4,0.2,0.8,0.3
2008,DOM,5.4,1.4,18.6,5.6,45.9,18.3
2008,EAS,16.2,4.3,41.0,14.5,70.9,34.8
2008,ECS,1.4,0.4,5.9,1.6,20.6,6.9
2008,ECU,7.5,2.9,18.5,6.9,42.3,18.1
2008,EGY,2.9,0.4,26.0,5.4,77.5,29.1
2008,ESP,0.5,0.3,0.9,0.5,1.9,0.8
2008,EST,0.4,0.2,0.9,0.4,3.0,1.0
2008,FCS,34.3,13.2,58.1,27.2,79.1,47.4
2008,FIN,0.1,0.0,0.1,0.1,0.2,0.1
2008,FJI,1.0,0.1,9.4,1.9,40.0,12.1
2008,FRA,0.0,0.0,0.0,0.0,0.1,0.0
2008,GBR,0.2,0.2,0.5,0.3,0.7,0.4
2008,GEO,12.4,3.6,34.1,11.6,70.2,31.4
2008,GRC,0.3,0.3,0.5,0.3,1.6,0.6
2008,HND,15.2,6.0,28.9,12.6,51.3,25.7
2008,HUN,0.0,0.0,0.2,0.0,3.3,0.6
2008,IDA,33.6,11.9,64.8,27.7,89.1,52.1
2008,IDN,19.2,3.7,58.0,18.5,89.2,46.2
2008,IRL,0.2,0.1,0.3,0.2,0.8,0.4
2008,ISL,0.1,0.0,0.1,0.1,0.2,0.1
2008,ISR,0.5,0.2,1.5,0.5,7.2,2.1
2008,ITA,0.7,0.5,1.0,0.6,1.8,1.0
2008,JOR,0.0,0.0,0.6,0.1,12.0,2.2
2008,JPN,0.5,0.2,1.0,0.4,2.2,0.8
2008,KAZ,0.2,0.0,3.4,0.6,36.7,8.5
2008,KGZ,3.3,0.6,22.7,5.3,67.6,25.0
2008,KOR,0.2,0.2,0.7,0.3,1.7,0.7
2008,LCN,7.0,2.6,16.8,6.3,38.0,16.3
2008,LMY,22.7,6.5,49.2,19.1,74.2,40.0
2008,LTU,1.4,0.8,2.3,1.2,5.3,2.3
2008,LUX,0.0,0.0,0.0,0.0,0.1,0.0
2008,LVA,1.3,0.5,2.4,1.0,7.9,2.8
2008,MDA,1.0,0.2,7.2,1.6,34.0,10.0
2008,MEA,2.5,0.5,15.5,3.6,48.5,17.4
2008,MEX,6.0,1.9,16.6,5.6,40.2,16.4
2008,MLT,0.1,0.1,0.2,0.1,0.6,0.2
2008,MOZ,70.8,33.0,89.6,53.2,97.0,72.4
2008,MRT,11.9,3.0,36.7,11.7,71.6,32.3
2008,MYS,0.7,0.1,5.3,1.1,22.1,6.9
2008,NLD,0.1,0.1,0.2,0.1,0.6,0.2
2008,NOR,0.2,0.1,0.3,0.2,0.5,0.3
2008,PAN,4.1,1.1,10.5,3.7,23.2,9.8
2008,PER,10.9,3.6,22.7,9.0,46.4,21.1
2008,POL,0.2,0.1,0.7,0.2,4.5,1.2
2008,PRT,0.1,0.1,0.9,0.2,2.9,0.9
2008,PRY,4.3,1.3,14.2,4.3,37.2,14.3
2008,ROU,4.1,1.4,10.3,3.7,29.4,10.9
2008,SAS,30.9,7.0,70.1,26.0,92.6,53.4
2008,SLV,7.7,2.0,21.3,7.0,50.9,20.9
2008,SSF,44.5,17.2,70.6,34.4,89.5,56.8
2008,SVK,0.4,0.2,1.1,0.4,3.9,1.2
2008,SVN,0.0,0.0,0.0,0.0,0.1,0.0
2008,SWE,0.6,0.4,0.8,0.5,1.0,0.7
2008,THA,0.3,0.0,5.3,0.9,32.7,9.3
2008,UKR,0.0,0.0,0.9,0.1,16.7,3.3
2008,URY,0.2,0.1,2.2,0.5,14.7,3.9
2008,USA,1.0,0.8,1.2,0.9,2.0,1.2
2008,VNM,11.1,2.5,39.7,11.5,77.7,35.0
2008,WSM,1.1,0.1,10.9,2.1,44.3,14.4
2008,ZAF,18.7,5.4,39.3,15.4,62.4,32.8
2009,ARG,1.6,0.5,4.1,1.4,12.9,4.6
2009,ARM,1.2,0.2,13.8,2.5,60.7,19.2
2009,AUT,0.7,0.4,0.7,0.5,1.0,0.7
2009,BEL,0.1,0.1,0.2,0.1,0.3,0.2
2009,BFA,52.6,18.2,80.0,38.8,94.9,62.6
2009,BGR,1.3,0.3,3.0,1.0,11.0,3.7
2009,BLR,0.1,0.0,1.8,0.3,15.6,3.5
2009,BOL,8.8,3.8,14.1,6.8,28.9,13.5
2009,BRA,6.1,2.4,14.6,5.5,33.8,14.4
2009,BWA,17.7,5.5,36.7,14.4,60.4,31.0
2009,CAN,0.2,0.1,0.2,0.2,0.7,0.3
2009,CHE,0.0,0.0,0.1,0.0,0.2,0.1
2009,CHL,1.7,0.6,5.5,1.7,24.4,7.5
2009,COL,9.6,3.6,22.2,8.6,47.3,21.2
2009,CRI,2.5,1.1,6.1,2.3,19.4,6.9
2009,CYP,0.1,0.1,0.1,0.1,0.2,0.1
2009,CZE,0.0,0.0,0.1,0.0,0.8,0.2
2009,DEU,0.0,0.0,0.0,0.0,0.2,0.1
2009,DNK,0.5,0.1,0.6,0.3,1.0,0.6
2009,DOM,4.7,1.2,16.8,5.0,42.9,16.8
2009,EAS,14.5,3.7,38.1,13.1,67.8,32.6
2009,ECS,1.2,0.3,5.2,1.4,20.5,6.5
2009,ECU,7.3,2.6,17.7,6.4,43.2,17.8
2009,ESP,0.8,0.5,1.1,0.7,2.3,1.2
2009,EST,0.6,0.2,1.2,0.5,4.0,1.4
2009,FCS,33.6,12.9,57.5,26.8,79.2,47.1
2009,FIN,0.1,0.0,0.1,0.0,0.1,0.1
2009,FRA,0.0,0.0,0.1,0.1,0.4,0.2
2009,GBR,0.2,0.2,0.5,0.3,0.7,0.4
2009,GEO,12.1,3.7,34.3,11.5,70.5,31.6
2009,GRC,0.6,0.5,0.7,0.5,1.8,0.8
2009,HND,12.3,4.2,25.7,10.4,48.4,23.0
2009,HRV,0.9,0.6,1.6,0.8,5.1,1.9
2009,HUN,0.1,0.0,0.2,0.1,4.0,0.7
2009,IDA,32.6,11.6,63.6,27.1,88.7,51.4
2009,IDN,18.8,3.7,58.4,18.6,89.1,46.3
2009,IND,33.5,7.6,72.5,27.5,93.3,54.8
2009,IRL,0.5,0.3,0.7,0.4,1.4,0.8
2009,IRN,1.5,0.4,6.0,1.7,22.7,7.3
2009,ISL,0.1,0.1,0.1,0.1,0.3,0.1
2009,ISR,0.5,0.2,1.7,0.5,8.2,2.5
2009,ITA,0.9,0.6,1.3,0.8,2.1,1.2
2009,KAZ,0.2,0.0,4.0,0.7,37.6,8.9
2009,KGZ,1.5,0.3,18.7,3.6,67.6,23.2
2009,LCN,6.7,2.4,16.2,6.0,37.6,15.9
2009,LKA,3.5,0.6,23.8,5.4,67.4,25.5
2009,LMY,21.5,6.2,47.5,18.2,72.9,38.9
2009,LTU,2.2,1.1,4.3,1.9,10.2,4.3
2009,LUX,0.0,0.0,0.1,0.0,0.2,0.1
2009,LVA,1.7,0.9,3.9,1.7,11.7,4.4
2009,MDA,0.7,0.1,6.6,1.3,33.0,9.5
2009,MDV,3.8,0.8,18.0,4.8,50.5,18.7
2009,MEA,2.2,0.4,13.9,3.2,46.9,16.3
2009,MKD,9.8,4.3,18.6,8.3,40.8,18.3
2009,MLI,48.2,14.7,78.7,35.6,95.9,61.0
2009,MLT,0.4,0.2,0.5,0.3,1.0,0.5
2009,NAM,26.9,8.2,51.6,21.5,73.3,41.4
2009,NIC,8.3,2.2,24.2,7.9,57.1,23.8
2009,NLD,0.1,0.1,0.2,0.1,0.4,0.2
2009,NOR,0.1,0.0,0.1,0.1,0.3,0.1
2009,PAN,2.5,0.6,8.0,2.4,23.0,8.5
2009,PER,8.8,2.8,20.5,7.7,44.6,19.4
2009,PHL,11.3,2.5,35.3,11.1,66.1,30.6
2009,PNG,39.7,15.7,67.7,31.8,90.2,55.0
2009,POL,0.4,0.1,0.9,0.3,4.3,1.3
2009,PRT,0.2,0.1,0.5,0.2,2.3,0.6
2009,PRY,5.8,1.7,14.6,4.9,35.7,14.6
2009,PSE,0.3,0.0,1.7,0.3,18.2,4.1
2009,ROU,3.1,0.8,9.9,3.1,27.7,10.1
2009,SAS,29.5,6.6,68.9,25.2,92.3,52.7
2009,SDN,18.6,5.2,47.8,16.8,82.8,40.8
2009,SLV,7.4,2.0,20.7,6.8,50.5,20.6
2009,SSD,34.5,14.5,56.6,27.6,81.8,48.0
2009,SSF,43.9,16.9,70.2,34.1,89.4,56.5
2009,SVK,0.4,0.2,1.1,0.4,3.9,1.3
2009,SVN,0.0,0.0,0.0,0.0,0.2,0.1
2009,SWE,0.5,0.3,0.8,0.4,1.1,0.7
2009,SWZ,49.3,20.9,69.7,37.4,87.2,57.6
2009,SYR,1.2,0.0,16.5,3.6,47.7,17.2
2009,THA,0.2,0.0,4.5,0.8,29.8,8.2
2009,TJK,6.8,1.4,32.0,8.3,76.3,30.8
2009,TON,1.3,0.3,9.6,2.2,39.5,12.5
2009,UGA,45.9,15.3,74.8,34.6,91.1,58.3
2009,UKR,0.1,0.0,1.0,0.2,19.3,3.9
2009,URY,0.3,0.1,2.2,0.4,13.6,3.7
2009,USA,1.0,0.7,1.2,0.8,1.7,1.1
2009,XKX,3.4,0.6,17.4,4.2,59.9,20.3
2010,ARG,0.7,0.3,3.1,0.9,11.4,3.7
2010,ARM,1.0,0.2,14.0,2.6,62.1,19.6
2010,AUS,0.3,0.3,0.7,0.4,1.0,0.5
2010,AUT,0.5,0.3,0.6,0.4,0.8,0.6
2010,BEL,0.1,0.1,0.2,0.1,0.5,0.2
2010,BGD,18.2,3.2,59.3,18.3,89.4,46.5
2010,BGR,2.0,0.7,4.6,1.7,13.4,5.0
2010,BLR,0.0,0.0,0.9,0.1,11.8,2.5
2010,CAN,0.2,0.1,0.2,0.2,0.5,0.3
2010,CHE,0.0,0.0,0.1,0.0,0.4,0.1
2010,CHN,13.4,3.4,33.5,11.7,62.3,29.3
2010,COL,8.3,3.0,20.0,7.5,44.6,19.4
2010,CRI,1.5,0.7,4.1,1.5,15.6,5.3
2010,CYP,0.0,0.0,0.1,0.0,0.2,0.1
2010,CZE,0.0,0.0,0.1,0.0,0.9,0.2
2010,DEU,0.0,0.0,0.2,0.1,0.2,0.1
2010,DNK,0.1,0.0,0.1,0.0,0.2,0.1
2010,DOM,3.9,0.9,16.7,4.6,43.7,16.7
2010,EAS,12.6,3.0,34.2,11.5,63.7,29.8
2010,ECS,1.2,0.3,4.8,1.3,19.1,6.0
2010,ECU,5.7,1.9,15.1,5.2,38.8,15.4
2010,EGY,1.0,0.1,17.8,3.2,70.6,23.5
2010,ESP,0.7,0.5,1.1,0.6,2.7,1.1
2010,EST,0.8,0.4,1.8,0.7,5.8,2.0
2010,ETH,30.8,8.1,71.3,26.6,94.0,54.6
2010,FCS,32.0,11.9,56.3,25.5,78.6,46.0
2010,FIN,0.1,0.0,0.1,0.0,0.2,0.1
2010,FRA,0.1,0.0,0.1,0.1,0.3,0.1
2010,GBR,0.2,0.2,0.5,0.3,0.7,0.4
2010,GEO,14.4,4.4,35.7,12.8,70.6,32.6
2010,GMB,29.8,9.1,59.5,24.1,86.3,48.3
2010,GNB,66.7,30.2,84.5,49.6,94.3,68.7
2010,GRC,1.0,0.7,1.3,0.8,2.6,1.3
2010,HND,13.8,4.7,27.8,11.3,51.3,24.8
2010,HRV,1.2,0.8,2.2,1.1,6.6,2.5
2010,HUN,0.1,0.0,0.3,0.1,5.4,1.0
2010,IDA,31.2,10.8,62.3,26.1,88.1,50.5
2010,IDN,16.5,3.0,52.0,16.4,85.1,42.3
2010,IRL,0.5,0.3,0.9,0.5,1.7,0.9
2010,ISL,0.1,0.1,0.2,0.1,0.5,0.2
2010,ISR,0.5,0.2,1.2,0.4,7.5,1.9
2010,ITA,1.3,0.8,1.6,1.1,2.7,1.6
2010,JOR,0.0,0.0,0.4,0.1,8.2,1.5
2010,JPN,0.0,0.0,0.2,0.1,0.5,0.2
2010,KAZ,0.2,0.0,2.9,0.5,32.0,7.0
2010,KGZ,3.5,1.0,21.4,5.2,70.5,25.3
2010,KOR,0.5,0.2,0.7,0.4,2.2,0.9
2010,LCN,5.9,2.1,14.7,5.4,35.6,14.7
2010,LMY,19.3,5.4,44.9,16.8,70.8,36.9
2010,LTU,1.5,0.9,3.2,1.5,10.4,3.7
2010,LUX,0.0,0.0,0.0,0.0,0.3,0.0
2010,LVA,1.7,0.7,3.8,1.6,11.9,4.4
2010,MDA,0.4,0.1,4.5,0.8,30.1,7.8
2010,MDG,80.2,40.2,92.4,59.7,98.1,76.7
2010,MEA,1.9,0.4,12.7,2.9,45.5,15.4
2010,MEX,4.7,1.4,14.3,4.6,40.2,15.2
2010,MKD,10.4,5.7,17.9,9.2,37.8,17.7
2010,MLT,0.2,0.1,0.3,0.2,0.5,0.3
2010,MNG,1.1,0.2,12.6,2.6,49.0,15.9
2010,MWI,68.4,30.7,87.3,50.8,96.2,70.6
2010,NGA,34.9,10.3,66.0,27.5,90.8,52.6
2010,NLD,0.0,0.0,0.1,0.0,0.2,0.1
2010,NOR,0.2,0.1,0.2,0.1,0.4,0.2
2010,NPL,8.2,1.6,40.0,10.9,80.4,35.7
2010,PAK,9.4,1.3,52.4,13.5,90.4,43.1
2010,PAN,3.4,1.0,9.1,3.2,21.7,9.0
2010,PER,6.8,2.1,17.8,6.3,40.5,17.0
2010,POL,0.3,0.1,1.1,0.4,4.1,1.3
2010,PRT,0.1,0.1,0.5,0.1,2.6,0.7
2010,PRY,5.5,1.7,13.5,4.9,34.1,13.7
2010,PSE,0.0,0.0,2.0,0.3,18.9,4.4
2010,ROU,4.2,1.5,11.0,3.9,29.6,11.3
2010,RWA,59.2,22.8,82.3,43.4,93.4,64.9
2010,SAS,25.4,5.4,65.8,22.9,91.5,50.7
2010,SLV,6.3,1.6,19.9,6.2,49.1,19.6
2010,SSF,42.1,15.8,69.0,32.8,88.9,55.4
2010,STP,22.6,5.1,59.5,20.2,90.3,47.6
2010,SVK,0.5,0.3,1.2,0.5,3.4,1.2
2010,SVN,0.0,0.0,0.0,0.0,0.1,0.0
2010,SWE,0.5,0.4,0.8,0.5,1.3,0.8
2010,THA,0.3,0.0,3.9,0.6,27.4,7.2
2010,TUN,1.5,0.3,7.4,1.8,31.1,9.5
2010,TUV,3.6,0.5,19.6,4.9,56.6,20.6
2010,UKR,0.0,0.0,0.4,0.1,15.2,2.6
2010,URY,0.2,0.1,1.6,0.3,12.0,3.1
2010,USA,1.0,0.8,1.2,1.0,2.0,1.3
2010,VNM,2.9,0.6,14.0,3.6,46.7,16.0
2010,VUT,14.7,3.6,42.0,13.9,78.4,37.2
2010,XKX,2.9,0.5,17.9,4.0,58.1,20.3
2010,ZAF,18.0,5.5,37.9,15.1,60.9,31.9
2010,ZMB,64.4,31.4,80.8,48.8,92.5,67.2
2011,ARG,0.7,0.3,2.1,0.7,9.1,2.8
2011,ARM,1.2,0.2,13.1,2.5,59.3,18.4
2011,AUT,0.4,0.3,0.6,0.4,1.0,0.6
2011,BEL,0.2,0.1,0.3,0.1,0.6,0.2
2011,BEN,54.3,19.8,77.6,39.6,92.0,61.5
2011,BGR,2.5,1.0,5.1,2.1,14.1,5.5
2011,BIH,0.1,0.0,0.8,0.2,5.8,1.4
2011,BLR,0.0,0.0,0.6,0.1,10.0,2.0
2011,BOL,5.3,2.2,10.4,4.5,23.5,10.2
2011,BRA,5.3,2.2,12.0,4.7,29.9,12.4
2011,CAN,0.2,0.1,0.5,0.2,0.7,0.3
2011,CHE,0.0,0.0,0.0,0.0,0.1,0.0
2011,CHL,0.9,0.3,3.9,1.1,20.9,5.9
2011,CHN,10.0,2.3,28.3,9.1,58.7,25.8
2011,COG,35.4,13.8,59.1,27.8,83.5,49.2
2011,COL,6.8,2.5,17.9,6.4,41.6,17.5
2011,CRI,1.8,0.6,4.8,1.6,16.4,5.6
2011,CYP,0.0,0.0,0.0,0.0,0.2,0.0
2011,CZE,0.0,0.0,0.1,0.0,0.8,0.2
2011,DEU,0.0,0.0,0.0,0.0,0.2,0.1
2011,DNK,0.0,0.0,0.0,0.0,0.6,0.1
2011,DOM,4.1,1.0,13.7,4.1,41.6,15.4
2011,DZA,0.0,0.0,4.3,0.4,36.3,9.1
2011,EAS,9.9,2.2,30.0,9.5,60.4,26.9
2011,ECS,0.9,0.3,4.2,1.1,17.4,5.3
2011,ECU,4.7,1.7,12.3,4.5,34.7,13.2
2011,ESP,1.1,0.8,1.6,1.0,3.0,1.7
2011,EST,1.0,0.5,1.6,0.8,4.7,1.8
2011,FCS,31.4,11.4,56.0,25.1,78.3,45.7
2011,FIN,0.0,0.0,0.1,0.0,0.1,0.1
2011,FRA,0.0,0.0,0.1,0.0,0.2,0.1
2011,GBR,0.2,0.2,0.5,0.2,0.7,0.4
2011,GEO,13.4,4.3,33.3,12.0,69.0,31.3
2011,GRC,1.1,0.8,2.0,1.1,5.2,2.2
2011,HND,14.3,5.5,28.1,12.0,51.4,25.2
2011,HRV,0.6,0.3,1.8,0.7,7.5,2.4
2011,HUN,0.1,0.0,0.3,0.1,5.8,1.2
2011,IDA,30.1,10.3,61.0,25.2,87.5,49.5
2011,IDN,14.1,2.6,48.7,14.9,81.7,39.9
2011,IND,22.9,4.7,63.0,21.2,90.3,48.9
2011,IRL,0.5,0.3,0.9,0.5,1.4,0.8
2011,IRN,0.5,0.1,3.2,0.7,20.9,5.5
2011,ISL,0.1,0.1,0.2,0.1,0.8,0.3
2011,ISR,0.2,0.2,1.5,0.3,7.0,2.0
2011,ITA,1.2,0.8,1.5,1.0,2.7,1.5
2011,KAZ,0.1,0.0,1.1,0.2,19.2,3.6
2011,KGZ,1.3,0.2,19.3,3.5,70.6,24.0
2011,LBN,0.0,0.0,0.1,0.0,1.7,0.2
2011,LCN,5.5,2.0,13.5,5.0,33.6,13.7
2011,LMY,17.1,4.7,42.0,15.2,68.9,35.0
2011,LTU,0.7,0.5,1.6,0.7,7.0,2.1
2011,LUX,0.1,0.0,0.1,0.1,0.2,0.1
2011,LVA,1.0,0.5,3.1,1.1,11.2,3.7
2011,MDA,0.2,0.0,3.1,0.5,27.0,6.4
2011,MEA,2.0,0.4,12.0,2.8,44.1,14.8
2011,MKD,9.1,4.1,15.5,7.4,37.2,16.0
2011,MLT,0.2,0.1,0.4,0.2,0.6,0.3
2011,MNG,0.9,0.1,8.8,1.7,43.7,13.2
2011,MYS,0.1,0.0,1.8,0.3,12.9,3.3
2011,NER,60.6,19.2,88.3,43.3,97.7,67.2
2011,NLD,0.1,0.1,0.2,0.1,0.4,0.2
2011,NOR,0.1,0.0,0.1,0.1,0.3,0.1
2011,PAK,9.6,1.3,51.7,13.3,89.1,42.4
2011,PAN,2.5,0.7,7.3,2.4,18.3,7.3
2011,PER,6.5,1.9,16.3,5.8,38.1,15.8
2011,POL,0.3,0.1,0.9,0.3,4.0,1.2
2011,PRT,0.5,0.2,0.9,0.4,3.7,1.1
2011,PRY,5.0,1.6,12.9,4.7,32.2,13.0
2011,PSE,0.2,0.1,1.8,0.3,17.6,4.1
2011,ROU,5.4,2.0,12.6,4.7,33.5,13.2
2011,SAS,21.6,4.4,61.8,20.5,90.1,48.2
2011,SEN,41.0,14.3,71.0,32.2,90.9,56.2
2011,SLE,38.7,10.6,72.6,30.3,93.4,56.2
2011,SLV,5.3,1.2,18.4,5.4,50.0,19.0
2011,SSF,41.0,15.1,68.2,32.0,88.7,54.8
2011,SVK,0.4,0.2,0.9,0.4,3.0,1.1
2011,SVN,0.0,0.0,0.0,0.0,0.3,0.0
2011,SWE,0.6,0.4,0.8,0.5,1.4,0.8
2011,TCD,36.6,14.3,64.8,29.6,87.9,52.5
2011,TGO,58.9,26.7,79.1,44.7,93.5,64.9
2011,THA,0.1,0.0,2.1,0.3,22.9,5.3
2011,TZA,44.7,13.3,76.7,33.9,93.7,59.0
2011,UKR,0.0,0.0,0.5,0.1,12.4,2.2
2011,URY,0.1,0.0,1.3,0.3,8.5,2.2
2011,USA,1.0,0.8,1.2,0.9,2.0,1.2
2011,XKX,1.9,0.3,12.3,2.7,57.2,17.5
2011,ZWE,21.6,5.2,47.9,17.6,77.9,39.9
2012,ALB,0.6,0.1,4.8,1.0,36.7,9.5
2012,ARG,0.6,0.3,2.3,0.8,8.6,2.8
2012,ARM,0.8,0.2,11.2,2.2,55.2,17.0
2012,AUT,0.6,0.4,0.7,0.5,1.1,0.7
2012,BEL,0.2,0.1,0.2,0.1,0.5,0.2
2012,BGR,2.3,0.8,5.5,2.0,14.1,5.4
2012,BLR,0.0,0.0,0.1,0.0,5.9,1.0
2012,BOL,6.5,3.0,11.0,5.3,23.7,10.9
2012,BRA,4.5,1.7,10.6,4.1,28.2,11.2
2012,BTN,1.7,0.3,11.9,2.6,44.9,14.9
2012,CAN,0.2,0.1,0.5,0.2,0.7,0.4
2012,CHE,0.0,0.0,0.0,0.0,0.0,0.0
2012,CHN,8.3,1.8,24.3,7.6,54.0,22.9
2012,COD,69.7,32.6,87.7,52.3,97.4,71.7
2012,COL,6.7,2.5,16.8,6.2,39.8,16.7
2012,CRI,1.7,0.6,4.4,1.6,15.6,5.2
2012,CYP,0.0,0.0,0.0,0.0,0.1,0.0
2012,CZE,0.0,0.0,0.1,0.1,0.9,0.2
2012,DEU,0.0,0.0,0.0,0.0,0.2,0.1
2012,DJI,19.7,8.4,42.2,17.7,76.0,38.1
2012,DNK,0.0,0.0,0.0,0.0,0.4,0.1
2012,DOM,3.8,1.0,14.3,4.2,41.2,15.3
2012,EAS,8.3,1.8,26.6,8.1,56.7,24.4
2012,ECS,0.9,0.3,3.8,1.0,16.4,5.0
2012,ECU,4.5,1.5,11.7,4.1,31.4,12.2
2012,EGY,0.9,0.1,13.7,2.3,67.8,21.1
2012,ESP,0.9,0.6,1.5,0.8,3.4,1.5
2012,EST,0.7,0.4,1.5,0.6,4.1,1.6
2012,FCS,30.8,10.9,55.7,24.6,78.3,45.4
2012,FIN,0.1,0.0,0.1,0.0,0.2,0.1
2012,FRA,0.1,0.0,0.1,0.0,0.3,0.1
2012,GBR,0.2,0.2,0.5,0.3,0.7,0.5
2012,GEO,10.7,3.0,29.6,10.0,65.5,28.3
2012,GHA,25.7,8.3,51.9,21.2,80.5,43.5
2012,GIN,24.5,6.6,59.7,21.8,90.5,48.5
2012,GRC,1.5,0.6,2.8,1.3,7.2,2.9
2012,HND,17.0,6.8,32.8,14.4,56.9,29.1
2012,HRV,0.8,0.5,2.0,0.8,8.1,2.6
2012,HTI,29.2,10.1,58.0,24.1,85.8,47.7
2012,HUN,0.3,0.2,1.0,0.3,7.8,1.9
2012,IDA,29.2,9.9,59.9,24.5,87.0,48.8
2012,IDN,10.6,1.7,44.8,12.6,80.0,37.4
2012,IRL,0.3,0.1,0.7,0.3,1.3,0.6
2012,IRN,0.3,0.0,2.5,0.5,19.7,4.9
2012,IRQ,0.1,0.0,2.4,0.4,24.7,5.6
2012,ISL,0.0,0.0,0.1,0.0,0.3,0.1
2012,ISR,0.5,0.3,1.2,0.5,6.7,2.0
2012,ITA,1.2,0.8,1.8,1.1,3.1,1.7
2012,KAZ,0.0,0.0,0.9,0.1,19.0,3.5
2012,KGZ,2.6,0.7,20.0,4.2,73.3,25.3
2012,KOR,0.2,0.1,0.7,0.3,1.7,0.7
2012,LAO,10.9,2.1,40.5,11.7,78.8,35.9
2012,LCN,5.1,1.8,12.9,4.7,32.3,13.1
2012,LKA,2.6,0.4,19.7,4.4,61.5,22.3
2012,LMY,15.9,4.3,40.0,14.2,67.2,33.6
2012,LTU,0.9,0.6,2.0,0.9,7.0,2.4
2012,LUX,0.0,0.0,0.1,0.0,0.3,0.1
2012,LVA,1.1,0.5,2.8,1.0,10.4,3.4
2012,MDA,0.1,0.0,2.3,0.4,25.9,5.9
2012,MDG,80.7,42.5,92.4,61.2,98.2,77.6
2012,MEA,2.2,0.5,11.7,2.8,43.9,14.6
2012,MEX,4.2,1.2,13.5,4.2,37.3,14.2
2012,MKD,6.9,2.9,14.1,6.0,35.7,14.7
2012,MLT,0.1,0.0,0.3,0.1,0.4,0.2
2012,MNE,3.0,1.2,10.4,3.3,26.3,10.4
2012,MNG,0.5,0.1,5.9,1.1,34.0,9.5
2012,MUS,0.4,0.1,2.6,0.6,19.4,4.7
2012,NGA,33.8,9.9,65.1,26.8,90.5,52.0
2012,NLD,0.1,0.0,0.1,0.1,0.2,0.1
2012,NOR,0.1,0.1,0.2,0.1,0.3,0.2
2012,NRU,1.7,0.2,20.9,4.8,61.7,22.4
2012,PAN,3.5,1.1,8.7,3.1,18.8,8.0
2012,PER,6.1,1.8,14.8,5.3,35.3,14.5
2012,PHL,10.9,2.4,34.6,10.9,64.9,30.0
2012,POL,0.2,0.1,0.7,0.3,4.3,1.2
2012,PRT,0.7,0.4,1.5,0.6,5.5,1.9
2012,PRY,3.3,0.9,10.2,3.2,27.0,10.4
2012,ROU,6.2,2.2,12.8,5.2,33.6,13.5
2012,SAS,19.8,4.0,59.8,19.3,89.2,47.0
2012,SLB,26.6,7.3,61.0,22.7,88.5,48.5
2012,SLV,4.6,1.1,16.1,4.7,47.1,17.5
2012,SRB,5.3,2.8,10.2,4.8,25.0,10.5
2012,SSF,39.8,14.5,67.4,31.2,88.4,54.1
2012,SVK,0.4,0.2,1.1,0.4,4.5,1.4
2012,SVN,0.0,0.0,0.0,0.0,0.3,0.1
2012,SWE,0.5,0.3,0.6,0.4,1.2,0.6
2012,THA,0.1,0.0,2.3,0.4,22.5,5.4
2012,UGA,37.5,11.3,68.8,29.3,89.5,53.9
2012,UKR,0.1,0.0,0.4,0.1,11.0,1.8
2012,URY,0.2,0.0,1.3,0.3,7.8,2.1
2012,USA,1.0,0.8,1.2,0.9,2.0,1.2
2012,VNM,1.7,0.3,10.2,2.4,40.7,13.0
2012,XKX,0.8,0.1,7.0,1.5,42.4,11.8
2013,ARE,0.0,0.0,0.0,0.0,0.0,0.0
2013,ARG,0.7,0.3,2.1,0.7,8.6,2.6
2013,ARM,1.7,0.3,11.3,2.4,53.1,16.5
2013,AUT,0.3,0.2,0.4,0.3,0.7,0.4
2013,BDI,65.1,25.2,86.7,47.0,96.5,68.5
2013,BEL,0.1,0.1,0.2,0.1,0.5,0.2
2013,BGR,1.8,0.7,5.0,1.9,13.2,5.4
2013,BLR,0.0,0.0,0.1,0.0,3.4,0.6
2013,BOL,5.2,2.3,9.3,4.4,21.8,9.4
2013,BRA,3.7,1.3,9.5,3.4,25.7,10.0
2013,CAN,0.5,0.1,0.5,0.3,1.0,0.5
2013,CHE,0.0,0.0,0.0,0.0,0.1,0.0
2013,CHL,0.5,0.2,2.0,0.6,12.5,3.3
2013,CHN,2.7,0.3,15.8,3.7,47.1,17.0
2013,COL,6.1,2.3,15.3,5.7,37.6,15.5
2013,CRI,1.6,0.6,4.3,1.5,15.6,5.3
2013,CYP,0.1,0.0,0.2,0.1,0.3,0.1
2013,CZE,0.0,0.0,0.1,0.0,0.7,0.1
2013,DEU,0.0,0.0,0.0,0.0,0.2,0.1
2013,DJI,24.9,8.4,47.8,19.8,80.6,42.1
2013,DNK,0.3,0.2,0.3,0.3,0.6,0.4
2013,DOM,3.0,0.8,13.7,3.7,40.5,14.7
2013,EAS,4.3,0.7,20.5,5.3,51.3,20.1
2013,ECS,0.7,0.2,3.3,0.9,14.8,4.4
2013,ECU,3.2,1.0,10.2,3.2,31.2,11.2
2013,ESP,1.1,0.7,1.7,1.0,3.8,1.7
2013,EST,0.9,0.6,1.6,0.8,4.2,1.8
2013,FCS,30.1,10.6,55.2,24.1,78.2,45.0
2013,FIN,0.1,0.1,0.1,0.1,0.2,0.1
2013,FJI,0.4,0.1,6.0,1.1,38.6,10.5
2013,FRA,0.1,0.0,0.1,0.1,0.2,0.1
2013,FSM,16.0,5.9,40.8,15.4,74.9,36.6
2013,GBR,0.2,0.2,0.2,0.2,0.5,0.3
2013,GEO,8.1,2.1,25.3,7.9,60.0,24.7
2013,GRC,1.0,0.3,2.6,0.9,8.3,2.9
2013,HND,14.6,5.2,29.2,12.2,54.4,26.5
2013,HRV,0.7,0.4,2.0,0.8,7.8,2.6
2013,HUN,0.2,0.0,0.9,0.2,7.3,1.8
2013,IDA,28.5,9.6,58.6,23.9,86.5,48.1
2013,IDN,10.8,1.8,44.9,12.8,78.1,37.0
2013,IRL,0.7,0.5,1.0,0.6,1.5,0.9
2013,IRN,0.3,0.1,2.7,0.5,20.9,5.2
2013,ISL,0.0,0.0,0.1,0.1,0.2,0.1
2013,ISR,0.5,0.2,1.0,0.4,5.2,1.5
2013,ITA,1.4,1.0,2.0,1.3,3.2,1.9
2013,JPN,0.7,0.2,0.9,0.5,1.4,0.8
2013,KAZ,0.0,0.0,0.4,0.1,13.7,2.3
2013,KGZ,2.6,0.4,24.1,5.0,73.3,27.0
2013,LCN,4.6,1.6,12.0,4.2,31.2,12.4
2013,LMY,14.1,3.8,37.5,13.0,64.9,31.8
2013,LTU,0.7,0.4,2.0,0.8,5.8,2.1
2013,LUX,0.1,0.1,0.1,0.1,0.3,0.1
2013,LVA,1.2,0.6,2.5,1.1,8.1,2.9
2013,MAR,1.4,0.3,9.8,2.2,42.1,13.1
2013,MDA,0.0,0.0,1.6,0.2,21.1,4.4
2013,MEA,2.5,0.5,12.0,3.0,44.3,14.8
2013,MKD,5.2,1.8,12.0,4.6,34.1,13.0
2013,MLT,0.0,0.0,0.0,0.0,0.2,0.1
2013,MNE,3.0,1.0,8.2,2.9,23.3,8.5
2013,MYS,0.0,0.0,0.6,0.1,6.6,1.4
2013,NLD,0.1,0.0,0.2,0.1,0.3,0.1
2013,NOR,0.1,0.1,0.2,0.1,0.4,0.2
2013,PAK,7.4,1.1,44.6,11.1,86.5,39.2
2013,PAN,2.2,0.6,7.0,2.2,18.2,7.0
2013,PER,5.4,1.6,14.0,4.8,34.5,13.9
2013,POL,0.4,0.2,0.9,0.4,3.9,1.2
2013,PRT,0.9,0.4,1.8,0.7,5.4,2.0
2013,PRY,1.8,0.6,6.8,2.1,23.3,8.0
2013,ROU,6.6,2.3,15.1,5.7,32.8,14.2
2013,RWA,53.7,18.7,79.7,39.4,92.9,62.2
2013,SAS,18.9,3.7,58.7,18.7,88.5,46.2
2013,SLV,3.6,0.9,14.2,4.0,42.7,15.6
2013,SRB,5.8,3.0,11.6,5.4,28.3,11.9
2013,SSF,38.9,14.1,66.6,30.6,88.1,53.6
2013,SVK,0.3,0.2,1.2,0.4,4.1,1.5
2013,SVN,0.0,0.0,0.1,0.0,0.4,0.1
2013,SWE,0.7,0.5,0.8,0.6,1.3,0.8
2013,SYC,1.2,0.5,3.3,1.1,9.7,3.3
2013,THA,0.1,0.0,1.8,0.3,19.5,4.5
2013,UKR,0.0,0.0,0.3,0.0,8.4,1.4
2013,URY,0.2,0.0,1.1,0.2,7.4,1.9
2013,USA,1.0,0.8,1.2,0.9,2.0,1.2
2013,WSM,1.2,0.2,10.5,2.4,43.3,13.4
2013,XKX,0.4,0.1,4.7,0.9,38.4,9.4
2014,ALB,1.0,0.1,9.7,2.1,38.7,12.5
2014,ARG,0.6,0.3,2.1,0.7,9.5,2.9
2014,ARM,1.4,0.2,11.4,2.3,51.1,16.1
2014,AUS,0.5,0.3,0.7,0.4,1.0,0.6
2014,AUT,0.2,0.1,0.3,0.2,0.7,0.4
2014,BEL,0.1,0.1,0.1,0.1,0.3,0.1
2014,BFA,39.6,9.5,74.2,30.3,92.9,56.6
2014,BGR,1.7,0.5,3.9,1.5,11.0,4.2
2014,BLR,0.0,0.0,0.1,0.0,3.2,0.5
2014,BOL,4.3,1.9,9.0,3.8,20.2,8.7
2014,BRA,3.3,1.1,8.6,3.0,24.3,9.2
2014,CAN,0.2,0.1,0.5,0.2,1.0,0.4
2014,CHE,0.0,0.0,0.0,0.0,0.1,0.1
2014,CHN,1.7,0.2,12.9,2.9,42.1,14.5
2014,CMR,25.7,8.3,47.0,20.1,74.8,39.9
2014,COL,5.4,2.0,14.3,5.1,35.4,14.4
2014,COM,18.6,6.7,39.5,16.1,68.6,35.0
2014,CRI,1.5,0.6,4.3,1.5,15.1,5.1
2014,CYP,0.1,0.1,0.2,0.1,0.4,0.2
2014,CZE,0.0,0.0,0.1,0.0,0.8,0.2
2014,DEU,0.0,0.0,0.2,0.0,0.2,0.1
2014,DNK,0.2,0.1,0.2,0.1,0.7,0.3
2014,DOM,3.4,0.8,10.9,3.1,34.8,12.4
2014,EAS,3.4,0.5,18.0,4.6,47.5,18.1
2014,ECS,1.0,0.3,3.5,1.1,14.3,4.5
2014,ECU,2.6,0.8,8.7,2.7,27.6,9.8
2014,ESP,0.8,0.4,1.5,0.7,3.3,1.5
2014,EST,0.8,0.5,1.4,0.7,4.0,1.6
2014,FCS,29.5,10.4,54.6,23.7,78.1,44.7
2014,FIN,0.1,0.0,0.1,0.1,0.2,0.1
2014,FRA,0.0,0.0,0.0,0.0,0.2,0.1
2014,GBR,0.2,0.2,0.5,0.3,0.5,0.4
2014,GEO,6.1,1.6,22.0,6.4,57.0,22.3
2014,GRC,1.5,0.8,2.9,1.3,7.7,3.1
2014,GTM,9.5,2.7,25.9,8.8,55.4,24.1
2014,HND,13.3,4.3,28.8,11.4,53.1,25.5
2014,HRV,1.0,0.5,1.7,0.8,6.6,2.3
2014,HUN,0.7,0.4,1.1,0.6,5.4,1.7
2014,IDA,27.8,9.4,57.5,23.4,85.8,47.4
2014,IDN,9.7,1.6,42.8,12.1,77.5,35.9
2014,IRL,0.4,0.3,0.5,0.4,1.2,0.6
2014,IRN,0.6,0.1,4.5,1.0,23.5,6.5
2014,ISL,0.0,0.0,0.1,0.0,0.1,0.0
2014,ISR,0.5,0.2,1.2,0.4,5.5,1.6
2014,ITA,1.2,0.8,1.8,1.1,3.1,1.7
2014,KAZ,0.0,0.0,0.5,0.1,14.8,2.5
2014,KGZ,1.0,0.2,17.6,3.0,70.8,23.6
2014,KOR,0.2,0.1,0.5,0.2,1.5,0.5
2014,LBR,25.9,6.4,60.6,21.6,90.3,48.4
2014,LCN,4.3,1.4,11.5,4.0,30.7,12.0
2014,LMY,13.4,3.7,36.3,12.5,63.4,30.8
2014,LTU,1.3,0.6,2.7,1.2,6.3,2.5
2014,LUX,0.1,0.1,0.2,0.1,0.3,0.2
2014,LVA,0.8,0.4,1.9,0.8,7.1,2.5
2014,MDA,0.0,0.0,0.8,0.1,19.9,3.8
2014,MEA,2.8,0.6,12.4,3.2,44.4,15.1
2014,MEX,4.0,1.1,13.1,4.0,40.3,14.6
2014,MKD,4.5,1.9,10.5,4.1,29.8,11.3
2014,MLT,0.0,0.0,0.0,0.0,0.1,0.0
2014,MNE,1.6,0.4,8.4,2.2,22.6,8.3
2014,MNG,0.3,0.0,4.1,0.8,28.1,7.3
2014,MOZ,64.6,29.4,83.1,48.3,93.6,67.6
2014,MRT,6.5,1.6,26.2,7.3,66.8,26.5
2014,NER,53.6,18.1,82.4,39.8,96.7,64.1
2014,NIC,3.9,0.9,14.4,4.0,42.1,15.6
2014,NLD,0.1,0.0,0.2,0.1,0.4,0.2
2014,NOR,0.1,0.1,0.1,0.1,0.4,0.2
2014,PAN,2.9,0.9,7.4,2.6,16.8,7.0
2014,PER,4.8,1.3,13.1,4.4,33.4,13.2
2014,POL,0.4,0.2,1.1,0.4,3.8,1.2
2014,PRT,0.5,0.2,1.5,0.5,4.7,1.6
2014,PRY,2.4,0.6,7.6,2.3,22.6,8.2
2014,ROU,7.0,2.5,13.9,5.7,29.7,13.3
2014,RUS,0.3,0.1,0.8,0.3,2.9,0.9
2014,SAS,17.8,3.5,57.9,18.1,88.0,45.7
2014,SDN,15.3,3.6,49.7,15.8,86.2,42.1
2014,SLV,3.4,0.8,13.7,3.8,42.7,15.3
2014,SRB,6.9,4.1,12.2,6.2,28.2,12.8
2014,SSF,38.1,13.8,65.8,30.0,87.7,53.0
2014,SVK,0.7,0.4,1.8,0.7,4.8,1.9
2014,SVN,0.0,0.0,0.0,0.0,0.3,0.1
2014,SWE,0.5,0.3,0.7,0.4,1.1,0.6
2014,THA,0.1,0.0,1.4,0.2,18.7,4.2
2014,TLS,24.4,5.1,69.2,23.2,94.6,52.4
2014,UKR,0.0,0.0,0.2,0.0,9.0,1.5
2014,URY,0.2,0.0,0.8,0.2,6.3,1.6
2014,USA,1.2,0.9,1.5,1.1,2.0,1.4
2014,VNM,1.9,0.3,8.8,2.2,34.9,11.0
2014,XKX,1.1,0.2,6.2,1.4,39.8,10.6
2014,YEM,19.8,4.8,54.4,18.3,85.4,44.2
2014,ZAF,20.5,6.9,40.0,16.6,61.6,33.4
2015,ALB,0.1,0.0,3.5,0.6,25.4,6.5
2015,ARM,1.1,0.2,9.4,2.1,46.7,14.2
2015,AUT,0.7,0.5,0.7,0.6,1.0,0.7
2015,BEL,0.1,0.1,0.2,0.1,0.2,0.1
2015,BEN,50.7,22.9,78.1,40.6,91.8,62.8
2015,BGR,3.4,1.4,6.1,2.8,14.1,6.1
2015,BLR,0.0,0.0,0.1,0.0,4.1,0.7
2015,BOL,4.6,2.1,8.6,4.0,20.5,8.8
2015,BRA,3.9,1.3,9.3,3.4,25.3,9.9
2015,BWA,15.4,4.1,38.0,13.6,63.5,31.8
2015,CAN,0.2,0.1,0.5,0.3,1.0,0.5
2015,CHE,0.0,0.0,0.0,0.0,0.1,0.0
2015,CHL,0.4,0.2,1.5,0.5,9.7,2.5
2015,CHN,0.6,0.0,9.9,1.9,37.7,12.2
2015,CIV,33.4,11.2,63.2,27.2,87.9,51.0
2015,COL,4.9,1.8,13.0,4.6,34.6,13.7
2015,CPV,4.6,1.0,19.3,5.3,50.9,19.7
2015,CRI,1.6,0.6,4.4,1.5,14.8,5.1
2015,CYP,0.0,0.0,0.1,0.0,0.1,0.1
2015,CZE,0.0,0.0,0.0,0.0,0.4,0.1
2015,DEU,0.0,0.0,0.0,0.0,0.2,0.1
2015,DNK,0.2,0.1,0.3,0.2,0.4,0.2
2015,DOM,2.5,0.6,8.8,2.6,30.4,10.6
2015,EAS,2.3,0.4,15.1,3.6,44.0,16.0
2015,ECS,0.8,0.3,3.2,0.9,14.5,4.3
2015,ECU,3.4,1.2,9.5,3.3,28.8,10.5
2015,EGY,0.9,0.1,13.2,2.3,64.5,20.0
2015,ESP,0.9,0.6,1.5,0.8,3.5,1.6
2015,EST,0.6,0.4,0.9,0.5,2.3,1.0
2015,ETH,27.0,7.6,65.0,23.5,90.9,51.0
2015,FCS,31.1,10.9,56.6,24.8,80.2,46.2
2015,FIN,0.1,0.1,0.1,0.1,0.2,0.1
2015,FRA,0.1,0.1,0.2,0.1,0.3,0.2
2015,GBR,0.2,0.2,0.5,0.2,0.7,0.4
2015,GEO,4.9,1.2,20.0,5.5,56.2,21.3
2015,GMB,13.4,3.0,44.6,13.6,81.2,38.0
2015,GRC,1.4,0.8,2.8,1.3,7.8,3.1
2015,HND,13.0,4.3,28.6,11.1,53.2,25.4
2015,HRV,0.6,0.3,1.3,0.5,5.8,1.7
2015,HUN,0.6,0.3,1.3,0.6,3.9,1.5
2015,IDA,27.8,9.5,57.1,23.4,85.3,47.1
2015,IDN,8.5,1.5,38.4,10.5,76.9,34.1
2015,IND,18.8,3.8,61.0,19.1,88.9,47.3
2015,IRL,0.4,0.2,0.5,0.3,0.8,0.5
2015,IRN,0.4,0.1,4.0,0.8,23.0,6.2
2015,ISL,0.0,0.0,0.0,0.0,0.1,0.1
2015,ISR,0.5,0.2,0.7,0.4,5.0,1.4
2015,ITA,1.9,1.3,2.6,1.7,3.9,2.4
2015,KAZ,0.0,0.0,0.7,0.1,17.2,3.0
2015,KEN,29.4,8.6,59.6,23.9,85.7,48.0
2015,KGZ,2.2,0.4,21.1,4.2,73.8,25.9
2015,LCA,0.1,0.0,0.6,0.1,8.4,2.3
2015,LCN,4.1,1.3,10.8,3.7,29.2,11.3
2015,LMY,12.8,3.6,35.0,12.1,62.0,30.0
2015,LTU,0.7,0.5,1.4,0.7,4.8,1.8
2015,LUX,0.3,0.2,0.4,0.2,0.7,0.4
2015,LVA,0.7,0.3,1.6,0.7,4.9,1.8
2015,MDA,0.0,0.0,0.9,0.1,17.7,3.3
2015,MEA,3.7,0.9,13.1,3.8,43.8,15.3
2015,MKD,5.5,2.1,10.1,4.5,28.8,10.9
2015,MLT,0.1,0.1,0.1,0.1,0.3,0.1
2015,MMR,6.2,1.4,30.0,7.9,72.8,29.7
2015,MNE,1.3,0.2,8.0,2.0,21.3,7.8
2015,MYS,0.0,0.0,0.4,0.1,4.8,1.0
2015,NAM,15.6,5.4,33.3,13.3,57.3,28.8
2015,NGA,32.3,9.4,63.3,25.8,89.5,50.8
2015,NLD,0.1,0.0,0.1,0.0,0.4,0.2
2015,NOR,0.2,0.1,0.2,0.1,0.4,0.2
2015,PAK,5.1,0.7,40.0,9.2,83.8,36.1
2015,PAN,1.5,0.4,5.6,1.7,15.4,5.8
2015,PER,4.7,1.3,12.8,4.4,32.7,12.8
2015,PHL,6.5,1.3,27.1,7.5,60.1,25.2
2015,POL,0.4,0.2,0.9,0.4,3.4,1.1
2015,PRT,0.5,0.3,1.2,0.5,3.6,1.3
2015,PRY,1.9,0.4,7.1,2.1,22.6,8.1
2015,ROU,5.3,1.7,12.2,4.6,27.4,11.6
2015,RUS,0.3,0.1,0.8,0.3,3.4,1.1
2015,SAS,16.6,3.2,56.9,17.4,87.5,45.0
2015,SLV,2.3,0.5,11.5,2.9,40.2,13.5
2015,SRB,6.6,3.8,11.6,5.9,27.2,12.0
2015,SSF,38.2,13.9,65.7,30.0,87.5,53.0
2015,SVK,0.7,0.3,1.2,0.5,4.3,1.4
2015,SVN,0.0,0.0,0.0,0.0,0.3,0.0
2015,SWE,0.6,0.3,0.8,0.4,1.1,0.7
2015,TGO,54.7,23.5,77.4,41.7,94.2,63.2
2015,THA,0.0,0.0,0.8,0.1,14.6,2.8
2015,TJK,6.1,1.4,25.7,7.0,66.4,26.2
2015,TON,1.8,0.4,13.9,2.8,47.9,15.8
2015,TUN,0.1,0.0,2.2,0.4,17.9,4.4
2015,UKR,0.1,0.0,0.9,0.2,15.0,3.1
2015,URY,0.1,0.0,0.8,0.2,6.0,1.5
2015,USA,1.2,0.8,1.2,1.0,2.2,1.3
2015,XKX,0.8,0.1,3.8,0.9,35.7,8.8
2015,ZMB,60.8,31.8,78.0,47.7,91.0,65.5
2016,ALB,0.1,0.0,4.7,0.7,25.5,6.9
2016,ARG,0.7,0.3,2.3,0.8,9.2,3.0
2016,ARM,1.1,0.2,9.5,1.9,42.4,13.7
2016,AUS,0.5,0.3,0.5,0.4,1.0,0.6
2016,AUT,0.7,0.5,0.9,0.6,1.3,0.8
2016,BEL,0.1,0.1,0.1,0.1,0.3,0.1
2016,BGD,13.5,2.4,51.6,15.0,86.9,42.4
2016,BGR,2.0,0.7,4.8,1.8,10.4,4.5
2016,BLR,0.0,0.0,0.1,0.0,4.6,0.8
2016,BOL,5.6,2.5,10.1,4.7,22.0,9.8
2016,BRA,4.7,1.7,10.6,4.1,27.0,11.0
2016,CAN,0.2,0.1,0.5,0.2,1.0,0.4
2016,CHE,0.0,0.0,0.1,0.0,0.1,0.1
2016,CHN,0.1,0.0,7.8,1.4,34.1,10.5
2016,COL,4.9,1.8,12.9,4.6,34.3,13.5
2016,CRI,1.3,0.5,4.1,1.4,14.2,4.7
2016,CYP,0.0,0.0,0.1,0.0,0.1,0.1
2016,CZE,0.0,0.0,0.1,0.0,0.7,0.2
2016,DEU,0.0,0.0,0.2,0.0,0.2,0.1
2016,DNK,0.3,0.2,0.3,0.2,0.5,0.3
2016,DOM,2.0,0.6,8.0,2.3,28.7,9.8
2016,EAS,1.7,0.3,12.8,2.9,40.6,14.2
2016,ECS,0.7,0.2,2.7,0.8,13.8,3.9
2016,ECU,3.6,1.2,9.5,3.3,28.2,10.3
2016,ESP,1.1,0.7,1.7,1.0,3.5,1.7
2016,EST,0.5,0.3,0.7,0.4,1.8,0.8
2016,FCS,31.4,11.2,56.5,25.0,80.2,46.3
2016,FIN,0.0,0.0,0.1,0.0,0.2,0.1
2016,FRA,0.1,0.0,0.1,0.1,0.3,0.1
2016,GBR,0.2,0.2,0.5,0.3,0.7,0.4
2016,GEO,4.9,1.2,20.1,5.6,56.3,20.9
2016,GHA,25.2,9.3,48.8,20.7,78.5,41.8
2016,GRC,1.0,0.5,2.0,0.9,6.4,2.3
2016,HND,14.6,5.5,28.3,12.0,50.5,25.0
2016,HRV,0.6,0.3,1.3,0.6,4.7,1.6
2016,HUN,1.3,0.8,1.9,1.1,3.3,1.8
2016,IDA,27.6,9.6,56.3,23.1,84.9,46.7
2016,IDN,6.7,1.1,34.1,8.9,71.5,30.7
2016,IND,18.1,3.6,59.9,18.7,88.7,46.7
2016,IRL,0.1,0.1,0.4,0.2,0.8,0.4
2016,IRN,0.4,0.1,4.2,0.8,23.1,6.3
2016,ISL,0.0,0.0,0.1,0.0,0.2,0.1
2016,ISR,0.2,0.1,1.0,0.3,4.0,1.2
2016,ITA,1.6,1.1,2.3,1.5,3.4,2.1
2016,KAZ,0.1,0.0,1.3,0.2,23.8,4.6
2016,KGZ,1.1,0.2,17.0,3.0,71.3,23.6
2016,KOR,0.2,0.1,0.2,0.1,1.0,0.4
2016,LBR,27.6,7.5,60.6,22.9,88.9,48.7
2016,LCN,4.3,1.5,10.9,3.9,29.0,11.4
2016,LKA,1.3,0.2,13.8,2.7,52.8,17.4
2016,LMY,12.4,3.6,34.0,11.8,60.8,29.3
2016,LTU,1.3,0.7,2.2,1.1,4.9,2.2
2016,LUX,0.1,0.1,0.1,0.1,0.5,0.2
2016,LVA,0.6,0.3,1.5,0.6,4.6,1.6
2016,MDA,0.1,0.0,1.1,0.2,17.7,3.3
2016,MDV,0.0,0.0,0.3,0.0,5.5,1.0
2016,MEA,4.4,1.2,14.5,4.4,44.4,16.2
2016,MEX,2.3,0.6,8.9,2.5,31.4,10.6
2016,MKD,4.2,1.7,9.7,3.8,24.9,9.9
2016,MLT,0.1,0.1,0.2,0.1,0.3,0.2
2016,MNE,2.5,1.4,5.9,2.4,17.3,6.7
2016,MNG,0.7,0.1,8.5,1.6,41.9,12.3
2016,MWI,65.7,26.0,87.3,47.7,96.8,69.2
2016,NLD,0.0,0.0,0.2,0.0,0.4,0.1
2016,NOR,0.3,0.2,0.4,0.2,0.7,0.4
2016,PAN,1.5,0.4,5.8,1.7,14.5,5.8
2016,PER,4.6,1.2,12.4,4.2,31.8,12.6
2016,POL,0.2,0.1,0.6,0.2,2.4,0.8
2016,PRT,0.4,0.2,0.7,0.3,3.6,1.1
2016,PRY,1.7,0.3,7.2,2.0,23.7,8.1
2016,PSE,0.5,0.1,3.1,0.7,20.5,5.3
2016,ROU,3.2,1.1,8.9,3.1,21.8,8.6
2016,RUS,0.3,0.1,0.8,0.3,3.5,1.0
2016,RWA,52.0,18.3,78.0,38.5,92.2,61.2
2016,SAS,15.7,3.1,55.6,16.8,87.1,44.4
2016,SLV,2.6,0.6,12.0,3.2,38.7,13.4
2016,SRB,6.4,3.9,11.0,5.8,24.6,11.3
2016,SSD,67.3,32.0,86.5,50.9,96.6,70.5
2016,SSF,38.0,13.9,65.4,29.9,87.5,52.9
2016,SVK,1.4,1.1,2.1,1.3,4.3,2.1
2016,SVN,0.0,0.0,0.0,0.0,0.2,0.0
2016,SWE,0.3,0.2,0.5,0.3,0.9,0.5
2016,SWZ,36.1,12.8,58.0,27.4,78.1,47.4
2016,THA,0.0,0.0,1.0,0.1,15.7,3.2
2016,UGA,42.9,13.8,71.3,32.4,90.0,56.0
2016,UKR,0.1,0.0,0.7,0.1,15.4,2.8
2016,URY,0.1,0.0,0.7,0.1,5.6,1.3
2016,USA,1.0,0.8,1.2,1.0,2.0,1.3
2016,VNM,1.3,0.2,6.4,1.6,27.1,8.3
2016,XKX,0.8,0.2,4.7,0.9,35.0,8.5
2017,ALB,0.4,0.0,3.6,0.7,25.5,6.6
2017,ARG,0.6,0.2,2.4,0.7,8.2,2.6
2017,ARM,0.8,0.1,8.1,1.6,48.7,13.8
2017,AUT,0.3,0.2,0.4,0.3,0.7,0.4
2017,BEL,0.1,0.1,0.2,0.1,0.4,0.2
2017,BGR,1.4,0.5,3.5,1.2,9.4,3.6
2017,BLR,0.0,0.0,0.1,0.0,3.3,0.6
2017,BOL,4.9,2.1,9.2,4.1,21.0,9.1
2017,BRA,5.3,2.0,11.0,4.5,27.1,11.2
2017,BTN,0.9,0.2,9.4,1.9,39.5,12.6
2017,CAN,0.2,0.1,0.5,0.2,0.7,0.4
2017,CHE,0.0,0.0,0.0,0.0,0.1,0.0
2017,CHL,0.4,0.2,1.0,0.4,7.5,1.9
2017,CHN,0.0,0.0,6.9,1.1,31.9,9.6
2017,COL,4.3,1.7,12.1,4.2,33.7,13.0
2017,CRI,1.2,0.4,3.1,1.0,12.9,4.1
2017,CYP,0.0,0.0,0.1,0.0,0.1,0.0
2017,CZE,0.0,0.0,0.1,0.0,0.5,0.1
2017,DEU,0.2,0.1,0.2,0.2,0.5,0.3
2017,DJI,19.1,6.4,43.8,16.5,78.5,38.4
2017,DNK,0.1,0.1,0.2,0.1,0.3,0.2
2017,DOM,1.0,0.3,5.4,1.4,25.5,7.5
2017,EAS,1.2,0.2,10.9,2.4,38.1,12.8
2017,ECS,0.7,0.2,2.7,0.8,12.5,3.7
2017,ECU,3.2,1.0,8.9,3.0,27.1,9.7
2017,EGY,2.5,0.4,22.0,4.5,72.6,26.2
2017,ESP,0.7,0.5,1.1,0.7,2.5,1.2
2017,EST,0.3,0.2,0.6,0.3,1.3,0.6
2017,FCS,31.1,11.3,55.9,24.9,79.9,46.1
2017,FIN,0.1,0.1,0.1,0.1,0.1,0.1
2017,FRA,0.0,0.0,0.0,0.0,0.1,0.0
2017,GAB,2.5,0.6,8.1,2.5,31.2,10.4
2017,GBR,0.2,0.2,0.5,0.3,0.7,0.4
2017,GEO,6.2,1.6,20.1,6.0,53.9,21.0
2017,GRC,0.9,0.4,1.6,0.7,5.3,1.8
2017,HND,13.9,5.0,27.5,11.4,51.2,24.6
2017,HRV,0.5,0.3,1.1,0.5,4.2,1.4
2017,HUN,0.6,0.4,1.5,0.6,4.0,1.6
2017,IDA,27.0,9.4,55.1,22.6,84.2,46.0
2017,IDN,4.3,0.7,26.3,6.3,65.2,25.9
2017,IND,13.4,2.5,54.4,15.7,85.4,43.0
2017,IRL,0.2,0.2,0.3,0.2,0.5,0.3
2017,IRN,0.3,0.1,3.7,0.7,21.6,5.8
2017,ISL,0.0,0.0,0.0,0.0,0.0,0.0
2017,ISR,0.5,0.2,1.2,0.4,4.2,1.4
2017,ITA,1.4,1.0,1.8,1.3,3.3,1.9
2017,KAZ,0.0,0.0,0.7,0.1,18.8,3.3
2017,KGZ,1.3,0.2,17.3,3.1,70.3,23.5
2017,KOR,0.2,0.1,0.2,0.1,1.0,0.4
2017,LCN,4.3,1.5,10.6,3.9,28.4,11.1
2017,LMY,11.3,3.4,32.2,11.0,59.3,28.1
2017,LSO,32.4,11.6,54.7,25.1,81.0,46.0
2017,LTU,1.0,0.7,1.5,0.9,4.4,1.9
2017,LUX,0.3,0.2,0.4,0.2,0.9,0.4
2017,LVA,0.8,0.3,1.5,0.7,4.5,1.6
2017,MDA,0.0,0.0,0.7,0.1,17.5,3.3
2017,MEA,4.7,1.3,15.0,4.6,44.7,16.6
2017,MKD,4.5,1.8,9.2,3.8,23.1,9.1
2017,MLT,0.2,0.1,0.2,0.1,0.3,0.2
2017,MMR,2.0,0.3,19.6,4.0,68.2,23.5
2017,MNE,3.3,1.6,7.0,3.0,17.2,7.0
2017,MUS,0.1,0.0,1.8,0.3,13.5,3.1
2017,NLD,0.2,0.1,0.3,0.1,0.4,0.2
2017,NOR,0.3,0.2,0.3,0.2,0.6,0.3
2017,PAN,2.1,0.7,5.3,1.9,14.0,5.5
2017,PER,4.5,1.2,12.4,4.1,32.6,12.6
2017,POL,0.3,0.2,0.6,0.3,1.7,0.6
2017,PRT,0.4,0.2,0.7,0.3,2.3,0.8
2017,PRY,1.0,0.2,5.2,1.3,21.0,6.7
2017,QAT,0.0,0.0,0.0,0.0,0.0,0.0
2017,ROU,3.3,1.3,6.7,2.9,16.3,6.8
2017,RUS,0.3,0.1,0.8,0.3,3.3,1.0
2017,SAS,12.6,2.3,51.7,14.7,84.9,41.8
2017,SLV,2.2,0.5,9.7,2.5,36.3,12.0
2017,SRB,5.4,3.0,9.0,4.7,21.7,9.6
2017,SSF,37.5,13.8,64.8,29.6,87.4,52.6
2017,STP,15.7,3.9,45.0,15.1,79.7,38.5
2017,SVK,0.2,0.1,1.3,0.4,2.7,1.1
2017,SVN,0.0,0.0,0.0,0.0,0.1,0.0
2017,SWE,0.2,0.1,0.3,0.2,0.8,0.3
2017,THA,0.0,0.0,0.8,0.1,15.1,3.1
2017,TUR,0.3,0.1,1.8,0.5,10.3,2.8
2017,UKR,0.0,0.0,0.6,0.1,10.8,2.2
2017,URY,0.1,0.0,0.5,0.1,4.6,1.1
2017,USA,1.2,0.9,1.5,1.1,2.0,1.4
2017,XKX,0.4,0.2,4.2,0.8,34.2,8.5
2017,ZWE,34.2,9.4,61.6,25.9,84.1,48.8
2018,AGO,31.1,11.9,52.9,24.5,78.0,44.5
2018,ALB,0.0,0.0,2.7,0.5,18.2,4.6
2018,ARE,0.0,0.0,0.0,0.0,0.4,0.1
2018,ARG,1.0,0.4,2.9,1.0,10.4,3.4
2018,ARM,1.3,0.2,9.4,2.1,48.9,14.4
2018,AUS,0.5,0.4,0.7,0.4,1.0,0.6
2018,AUT,0.6,0.4,0.7,0.5,1.2,0.7
2018,BEL,0.1,0.1,0.1,0.1,0.2,0.1
2018,BEN,20.1,4.8,53.2,18.2,83.6,43.1
2018,BFA,31.2,8.4,63.1,25.2,87.2,49.8
2018,BGR,0.9,0.3,2.3,0.8,8.0,2.8
2018,BLR,0.0,0.0,0.1,0.0,1.9,0.4
2018,BOL,3.3,1.3,7.7,3.0,19.1,7.8
2018,BRA,5.3,2.0,10.9,4.5,26.7,11.1
2018,CAN,0.2,0.1,0.5,0.2,0.7,0.4
2018,CHE,0.0,0.0,0.0,0.0,0.2,0.1
2018,CHN,0.0,0.0,4.9,0.7,27.9,7.9
2018,CIV,11.5,2.4,39.7,12.0,75.6,34.5
2018,COL,4.5,1.7,12.2,4.3,33.9,13.1
2018,CRI,1.5,0.6,4.0,1.4,13.9,4.8
2018,CYP,0.0,0.0,0.1,0.0,0.2,0.1
2018,CZE,0.0,0.0,0.0,0.0,0.2,0.1
2018,DEU,0.0,0.0,0.2,0.1,0.2,0.1
2018,DNK,0.2,0.1,0.2,0.2,0.3,0.2
2018,DOM,0.8,0.2,4.2,0.9,22.2,6.3
2018,EAS,1.2,0.2,9.3,2.0,35.0,11.5
2018,ECS,0.4,0.1,2.1,0.5,11.4,3.1
2018,ECU,3.3,1.0,9.7,3.1,27.8,10.3
2018,ESP,0.8,0.5,1.2,0.7,2.7,1.3
2018,EST,0.2,0.2,0.5,0.3,1.1,0.5
2018,FCS,30.9,11.3,55.5,24.8,79.7,45.9
2018,FIN,0.1,0.0,0.1,0.1,0.2,0.1
2018,FRA,0.0,0.0,0.1,0.0,0.1,0.1
2018,GBR,0.5,0.3,0.5,0.4,0.7,0.5
2018,GEO,5.6,1.5,19.6,5.8,53.9,20.5
2018,GIN,13.8,3.1,46.6,14.3,86.8,40.8
2018,GNB,21.7,4.7,56.8,19.5,87.2,45.7
2018,GRC,0.1,0.1,0.3,0.1,3.7,0.8
2018,GRD,0.3,0.0,1.3,0.3,13.8,3.7
2018,HND,14.2,5.1,27.2,11.6,51.3,24.6
2018,HRV,0.4,0.2,0.7,0.4,2.7,1.0
2018,HUN,0.2,0.1,0.7,0.2,2.8,1.0
2018,IDA,26.4,9.3,53.9,22.2,83.5,45.3
2018,IDN,4.4,0.7,25.4,6.2,64.6,25.6
2018,IND,11.1,2.2,46.9,13.1,82.7,39.3
2018,IRL,0.0,0.0,0.1,0.0,0.1,0.1
2018,IRN,0.7,0.1,4.3,0.9,24.4,6.7
2018,ISR,0.5,0.2,1.0,0.4,3.2,1.0
2018,ITA,1.5,0.9,2.1,1.3,3.2,1.9
2018,JAM,0.1,0.0,0.6,0.1,9.1,1.9
2018,KAZ,0.0,0.0,0.5,0.1,14.3,2.4
2018,KGZ,0.7,0.1,13.2,2.2,66.1,20.7
2018,KOR,0.2,0.0,0.2,0.1,0.7,0.3
2018,LAO,7.1,1.2,32.5,8.7,70.5,30.0
2018,LCN,4.2,1.5,10.4,3.8,27.9,10.9
2018,LMY,10.5,3.2,29.9,10.1,57.5,26.7
2018,LTU,0.9,0.4,1.3,0.7,2.9,1.4
2018,LUX,0.3,0.1,0.4,0.2,0.7,0.3
2018,LVA,0.4,0.2,0.9,0.4,3.0,1.1
2018,MDA,0.0,0.0,0.6,0.1,14.6,2.6
2018,MEA,4.7,1.3,15.1,4.6,45.1,16.7
2018,MEX,1.9,0.5,7.8,2.1,28.8,9.4
2018,MKD,3.4,1.2,7.1,2.8,20.8,7.8
2018,MLI,15.2,3.0,48.2,15.2,81.0,39.6
2018,MLT,0.1,0.1,0.2,0.1,0.3,0.2
2018,MNE,2.8,1.0,6.3,2.4,18.5,6.9
2018,MNG,0.7,0.1,6.9,1.3,38.3,10.9
2018,MYS,0.0,0.0,0.2,0.0,3.4,0.6
2018,NER,50.9,15.5,81.2,37.6,95.0,62.1
2018,NGA,30.9,9.0,63.5,25.1,90.8,50.9
2018,NLD,0.1,0.1,0.2,0.1,0.4,0.2
2018,NOR,0.3,0.2,0.3,0.2,0.5,0.3
2018,PAK,4.9,0.6,39.8,9.0,84.5,36.3
2018,PAN,1.4,0.4,4.4,1.4,12.5,4.7
2018,PER,3.6,1.0,10.7,3.4,30.3,11.3
2018,PHL,3.0,0.5,18.3,4.3,53.5,19.7
2018,POL,0.2,0.1,0.4,0.2,1.4,0.5
2018,PRT,0.3,0.2,0.7,0.3,2.1,0.8
2018,PRY,1.4,0.3,5.8,1.6,19.6,6.6
2018,ROU,2.7,0.9,5.7,2.2,13.0,5.5
2018,RUS,0.1,0.1,0.4,0.1,2.6,0.7
2018,SAS,10.1,1.9,45.7,12.4,82.3,38.6
2018,SEN,9.2,1.8,37.6,10.7,74.4,33.1
2018,SLE,26.1,6.0,64.3,23.1,89.9,49.9
2018,SLV,1.8,0.4,9.0,2.3,33.0,10.8
2018,SRB,2.9,1.4,5.9,2.6,17.2,6.6
2018,SSF,36.9,13.6,64.2,29.3,87.3,52.2
2018,SVK,0.2,0.1,1.3,0.3,3.4,1.3
2018,SVN,0.0,0.0,0.0,0.0,0.1,0.0
2018,SWE,0.7,0.6,0.9,0.7,1.4,0.9
2018,SYC,0.5,0.1,1.2,0.4,6.7,2.0
2018,TCD,30.9,8.4,64.6,25.3,89.4,50.9
2018,TGO,28.4,8.5,56.9,23.0,84.0,46.4
2018,THA,0.0,0.0,0.9,0.1,15.6,3.3
2018,TUR,0.4,0.1,1.8,0.4,9.6,2.6
2018,TZA,44.9,13.6,74.3,33.6,92.3,58.0
2018,UKR,0.0,0.0,0.5,0.1,9.4,1.7
2018,URY,0.1,0.0,0.4,0.1,4.9,1.1
2018,USA,1.0,0.8,1.2,0.9,1.7,1.2
2018,VNM,1.2,0.2,5.3,1.4,22.2,6.9
2019,ALB,0.0,0.0,1.2,0.2,14.9,3.2
2019,ARG,1.1,0.4,3.4,1.1,12.0,4.1
2019,ARM,1.0,0.1,9.8,1.9,52.1,15.2
2019,AUT,0.6,0.4,0.7,0.5,0.8,0.7
2019,BEL,0.1,0.1,0.1,0.1,0.2,0.1
2019,BGR,0.9,0.3,2.8,1.0,7.2,2.8
2019,BLR,0.0,0.0,0.0,0.0,2.4,0.3
2019,BOL,1.9,0.6,5.7,1.9,15.5,5.7
2019,BRA,5.4,2.1,10.8,4.5,26.2,11.0
2019,CAN,0.2,0.1,0.5,0.2,0.7,0.4
2019,CHE,0.0,0.0,0.0,0.0,0.2,0.0
2019,CHN,0.0,0.0,2.5,0.2,24.6,6.3
2019,COL,5.3,2.0,13.7,5.0,34.8,14.0
2019,CRI,1.1,0.4,3.5,1.1,13.7,4.3
2019,CYP,0.2,0.1,0.2,0.2,0.3,0.2
2019,CZE,0.0,0.0,0.0,0.0,0.3,0.1
2019,DEU,0.2,0.1,0.2,0.2,0.5,0.2
2019,DNK,0.3,0.2,0.3,0.2,0.4,0.3
2019,DOM,0.8,0.2,3.5,0.9,20.2,5.6
2019,EAS,1.0,0.2,7.2,1.5,32.4,10.2
2019,ECS,0.5,0.1,2.0,0.5,10.8,3.0
2019,ECU,3.6,1.1,9.9,3.3,29.7,10.9
2019,EGY,1.5,0.3,17.6,3.4,68.8,23.2
2019,ESP,0.8,0.5,1.1,0.7,2.8,1.2
2019,EST,0.6,0.3,0.9,0.5,1.4,0.8
2019,FIN,0.0,0.0,0.1,0.0,0.2,0.1
2019,FJI,1.3,0.2,12.4,2.6,52.6,16.4
2019,FRA,0.1,0.0,0.1,0.0,0.4,0.1
2019,GBR,0.5,0.2,0.5,0.3,0.7,0.5
2019,GEO,4.8,1.1,18.5,5.2,54.2,19.9
2019,GRC,0.7,0.4,1.3,0.7,3.9,1.5
2019,HND,12.7,4.3,26.4,10.8,49.5,24.0
2019,HRV,0.3,0.2,0.6,0.3,2.4,0.7
2019,HUN,0.3,0.1,0.9,0.3,2.5,0.9
2019,IDA,26.2,9.3,53.6,22.1,83.3,45.2
2019,IDN,3.4,0.5,23.4,5.4,63.7,24.5
2019,IND,13.2,2.8,44.0,13.4,80.7,37.9
2019,IRL,0.1,0.0,0.1,0.1,0.2,0.1
2019,IRN,0.7,0.1,5.6,1.2,29.1,8.4
2019,ISR,0.7,0.3,1.2,0.6,4.0,1.5
2019,ITA,1.0,0.8,1.3,0.9,2.6,1.3
2019,KAZ,0.0,0.0,0.5,0.1,14.4,2.4
2019,KGZ,0.7,0.2,11.7,2.0,63.7,19.4
2019,KIR,1.7,0.3,19.5,3.8,68.9,23.9
2019,KOR,0.0,0.0,0.2,0.1,0.5,0.2
2019,LCN,4.2,1.5,10.2,3.8,27.2,10.7
2019,LKA,1.0,0.1,11.3,2.1,49.3,15.6
2019,LMY,10.7,3.3,28.2,9.9,56.1,25.7
2019,LTU,0.5,0.3,0.7,0.4,1.6,0.8
2019,LUX,0.1,0.1,0.1,0.1,0.3,0.1
2019,LVA,0.2,0.2,0.8,0.3,2.6,0.9
2019,MDA,0.0,0.0,0.4,0.1,14.7,2.6
2019,MDV,0.0,0.0,0.0,0.0,3.9,0.5
2019,MHL,0.9,0.2,6.1,1.4,31.5,8.8
2019,MKD,2.7,1.1,7.5,2.7,19.0,7.3
2019,MLT,0.3,0.1,0.4,0.2,0.7,0.4
2019,MNE,2.0,0.6,4.2,1.5,15.2,5.2
2019,MOZ,74.5,37.5,88.6,56.2,96.1,73.6
2019,MRT,5.4,1.4,25.8,6.8,68.0,26.4
2019,MWI,70.1,29.3,89.1,50.9,97.3,71.3
2019,NLD,0.1,0.0,0.1,0.1,0.4,0.1
2019,NOR,0.2,0.1,0.3,0.2,0.5,0.2
2019,PAN,1.0,0.3,3.7,1.1,12.1,4.3
2019,PER,3.0,0.8,9.6,3.0,28.8,10.4
2019,POL,0.1,0.0,0.2,0.1,0.8,0.2
2019,PRT,0.1,0.1,0.2,0.1,1.5,0.4
2019,PRY,1.0,0.2,5.1,1.3,19.7,6.2
2019,ROU,2.2,0.7,4.7,1.8,10.9,4.6
2019,RUS,0.2,0.1,0.5,0.2,2.7,0.7
2019,SAS,10.6,2.1,42.1,12.0,80.4,36.8
2019,SLV,1.4,0.3,6.6,1.6,28.8,8.8
2019,SRB,2.3,1.2,4.0,1.9,12.0,4.5
2019,SSF,36.7,13.6,63.9,29.1,87.3,52.1
2019,SVK,0.1,0.0,0.5,0.1,2.0,0.6
2019,SVN,0.0,0.0,0.0,0.0,0.1,0.0
2019,SWE,0.3,0.2,0.4,0.3,0.9,0.4
2019,THA,0.1,0.0,0.6,0.1,13.1,2.5
2019,TUR,0.5,0.1,2.0,0.5,10.1,2.9
2019,UGA,42.1,13.6,71.8,32.1,91.1,56.3
2019,UKR,0.0,0.0,0.3,0.1,7.1,1.3
2019,URY,0.1,0.0,0.5,0.1,5.1,1.1
2019,USA,1.0,0.7,1.2,0.8,1.7,1.1
2019,VUT,10.0,2.3,34.9,10.6,76.1,32.5
2019,ZWE,39.8,13.5,64.5,29.9,85.0,51.8
2020,ALB,0.0,0.0,1.5,0.2,13.7,3.2
2020,ARG,1.2,0.4,4.0,1.2,15.4,5.0
2020,ARM,0.4,0.1,6.7,1.2,53.2,14.1
2020,AUT,0.7,0.6,0.9,0.7,1.0,0.8
2020,BDI,62.1,23.5,86.2,45.3,96.8,67.6
2020,BEL,0.1,0.0,0.1,0.1,0.3,0.1
2020,BGR,0.2,0.1,1.4,0.4,4.5,1.6
2020,BLR,0.0,0.0,0.1,0.0,1.3,0.2
2020,BOL,3.1,0.8,6.4,2.5,17.3,6.6
2020,BRA,2.0,0.7,5.3,1.8,18.7,6.3
2020,CHE,0.0,0.0,0.1,0.0,0.1,0.1
2020,CHL,1.3,0.8,2.7,1.3,9.9,3.4
2020,CHN,0.0,0.0,1.0,0.0,24.8,5.9
2020,COD,78.9,40.2,92.1,59.3,97.7,76.3
2020,COL,9.4,4.4,19.3,8.4,42.2,19.0
2020,CRI,2.3,0.9,6.0,2.2,19.9,7.0
2020,CYP,0.0,0.0,0.1,0.0,0.2,0.1
2020,CZE,0.0,0.0,0.0,0.0,0.4,0.1
2020,DEU,0.2,0.2,0.2,0.2,0.5,0.3
2020,DNK,0.2,0.1,0.2,0.1,0.4,0.2
2020,DOM,1.0,0.3,5.2,1.3,23.2,6.9
2020,EAS,1.1,0.2,6.4,1.5,32.9,10.1
2020,ECS,0.5,0.2,2.1,0.6,10.3,3.0
2020,ECU,6.5,2.1,14.4,5.4,34.6,14.3
2020,ESP,0.9,0.5,1.4,0.8,3.1,1.4
2020,EST,0.3,0.2,0.5,0.3,1.3,0.6
2020,FIN,0.0,0.0,0.0,0.0,0.1,0.0
2020,FRA,0.1,0.1,0.2,0.1,0.4,0.2
2020,GBR,0.5,0.3,0.5,0.4,0.7,0.5
2020,GEO,5.8,1.5,21.4,6.2,58.3,22.3
2020,GMB,17.2,4.5,47.0,16.0,80.6,39.7
2020,GRC,0.8,0.4,1.6,0.7,3.9,1.6
2020,HRV,0.3,0.2,0.7,0.3,2.1,0.8
2020,HUN,0.4,0.2,0.8,0.4,2.5,0.9
2020,IDN,2.8,0.4,21.8,4.9,62.5,23.4
2020,IND,15.5,3.4,48.2,15.2,83.0,40.4
2020,IRL,0.1,0.1,0.2,0.1,0.2,0.2
2020,IRN,0.8,0.2,6.0,1.3,29.3,8.6
2020,ISR,0.4,0.3,1.0,0.5,3.2,1.2
2020,ITA,0.8,0.6,1.2,0.8,2.2,1.2
2020,KAZ,0.0,0.0,0.4,0.1,13.9,2.2
2020,KEN,35.0,9.7,68.6,27.8,91.0,53.5
2020,KGZ,1.3,0.2,18.7,3.5,67.6,23.3
2020,KOR,0.0,0.0,0.2,0.1,0.5,0.2
2020,LCN,3.8,1.3,9.9,3.5,27.6,10.5
2020,LMY,11.7,3.7,29.1,10.6,57.1,26.5
2020,LTU,0.2,0.1,0.6,0.3,1.6,0.6
2020,LUX,0.0,0.0,0.0,0.0,0.0,0.0
2020,LVA,0.5,0.2,0.8,0.4,2.5,0.9
2020,MEX,2.1,0.6,8.2,2.3,30.3,10.0
2020,MLT,0.3,0.1,0.7,0.2,0.8,0.5
2020,MNE,1.8,0.7,4.2,1.6,15.4,5.0
2020,NLD,0.0,0.0,0.1,0.0,0.2,0.1
2020,PER,5.8,1.8,17.4,5.8,42.8,17.2
2020,POL,0.1,0.1,0.3,0.1,1.1,0.4
2020,PRT,0.5,0.2,1.0,0.4,2.6,1.0
2020,PRY,0.8,0.2,5.2,1.2,22.3,6.9
2020,ROU,1.4,0.6,3.9,1.5,10.0,4.1
2020,RUS,0.1,0.0,0.3,0.1,1.7,0.4
2020,SAS,13.0,2.8,44.9,13.5,81.9,38.5
2020,SRB,1.6,0.8,2.8,1.3,10.1,3.6
2020,SVK,0.2,0.1,0.4,0.2,1.9,0.6
2020,SVN,0.0,0.0,0.0,0.0,0.0,0.0
2020,SWE,0.4,0.3,0.5,0.4,0.9,0.5
2020,THA,0.0,0.0,0.7,0.1,13.2,2.6
2020,TUR,0.5,0.1,2.0,0.5,9.8,2.8
2020,UKR,0.0,0.0,0.2,0.0,7.1,1.3
2020,URY,0.2,0.1,0.9,0.2,7.2,1.7
2020,USA,0.2,0.2,0.5,0.3,1.2,0.6
2020,VNM,0.7,0.1,3.8,0.9,18.7,5.5
2021,ARG,0.9,0.4,2.8,0.9,11.4,3.7
2021,ARM,0.5,0.1,8.7,1.6,51.7,14.4
2021,AUT,0.5,0.4,0.5,0.4,1.1,0.5
2021,BEL,0.0,0.0,0.1,0.0,0.2,0.1
2021,BEN,12.7,2.9,43.4,13.2,81.4,37.8
2021,BFA,25.3,6.3,60.7,21.9,88.1,47.9
2021,BGR,0.7,0.2,2.0,0.7,5.8,2.2
2021,BOL,2.0,0.6,5.4,1.8,15.2,5.4
2021,BRA,5.8,2.1,11.3,4.7,28.4,11.7
2021,CAF,65.7,29.7,85.8,49.4,96.2,69.5
2021,CHN,0.0,0.0,0.0,0.0,17.0,3.5
2021,CIV,9.7,1.9,38.4,10.9,76.4,34.3
2021,CMR,23.0,6.6,46.7,18.4,76.0,39.4
2021,COL,7.3,2.9,16.4,6.6,38.8,16.5
2021,CRI,1.2,0.4,3.7,1.2,14.5,4.6
2021,CYP,0.0,0.0,0.1,0.0,0.1,0.0
2021,CZE,0.1,0.0,0.1,0.0,0.3,0.1
2021,DNK,0.2,0.1,0.2,0.1,0.3,0.2
2021,DOM,0.9,0.2,4.3,1.1,23.2,6.7
2021,EAS,1.1,0.2,5.8,1.5,27.8,8.5
2021,ECS,0.5,0.2,1.9,0.6,8.6,2.6
2021,ECU,3.6,1.0,10.9,3.6,31.7,11.5
2021,ESP,0.6,0.4,0.9,0.5,1.9,0.9
2021,EST,0.3,0.2,0.4,0.3,0.7,0.4
2021,FIN,0.0,0.0,0.0,0.0,0.1,0.0
2021,FRA,0.1,0.0,0.2,0.1,0.5,0.2
2021,GBR,0.2,0.2,0.5,0.3,0.7,0.4
2021,GEO,5.5,1.3,19.1,5.5,55.4,20.5
2021,GNB,26.0,5.9,60.2,21.7,89.1,48.1
2021,GRC,0.6,0.3,1.1,0.5,2.9,1.2
2021,HRV,0.3,0.2,0.4,0.3,1.8,0.5
2021,HUN,0.4,0.2,0.8,0.4,2.2,0.9
2021,IDN,2.9,0.4,21.3,4.8,62.7,23.2
2021,IND,12.9,2.7,44.0,13.3,81.8,38.2
2021,IRL,0.1,0.0,0.1,0.1,0.3,0.1
2021,IRN,0.7,0.2,5.0,1.1,24.8,7.1
2021,ISR,0.2,0.2,1.0,0.4,3.5,1.1
2021,ITA,0.8,0.6,1.0,0.7,1.7,1.0
2021,JAM,0.3,0.1,2.4,0.5,13.9,3.8
2021,KAZ,0.0,0.0,0.3,0.0,10.6,1.6
2021,KEN,36.1,9.7,70.1,28.7,91.3,54.3
2021,KGZ,0.7,0.2,12.5,2.1,62.2,19.4
2021,KOR,0.0,0.0,0.2,0.1,0.5,0.2
2021,LCN,4.5,1.6,10.5,4.0,28.4,11.1
2021,LMY,11.4,3.6,28.3,10.3,55.2,25.7
2021,LTU,0.3,0.1,0.4,0.2,1.2,0.5
2021,LUX,0.1,0.0,0.1,0.1,0.3,0.1
2021,LVA,0.4,0.2,0.7,0.4,2.1,0.8
2021,MDA,0.0,0.0,0.3,0.1,14.4,2.5
2021,MLI,20.8,4.5,56.1,18.9,85.9,44.7
2021,MNE,2.0,0.9,3.7,1.6,12.2,4.2
2021,MYS,0.0,0.0,0.1,0.0,2.3,0.4
2021,NER,50.6,14.3,83.1,37.5,96.3,62.9
2021,NLD,0.1,0.0,0.1,0.1,0.3,0.1
2021,PAN,1.1,0.5,4.3,1.3,12.9,4.7
2021,PER,2.8,0.7,10.0,2.9,33.4,11.4
2021,PHL,3.0,0.5,17.8,4.2,55.3,20.0
2021,POL,0.1,0.0,0.2,0.1,0.9,0.3
2021,PRT,0.2,0.1,0.4,0.2,1.7,0.5
2021,PRY,0.7,0.2,4.1,1.0,20.8,6.2
2021,ROU,1.8,0.7,3.0,1.3,7.1,3.1
2021,RUS,0.2,0.1,0.4,0.2,2.0,0.6
2021,SAS,11.4,2.3,42.2,12.3,80.9,37.1
2021,SEN,9.9,1.9,36.3,10.3,75.6,33.0
2021,SLV,3.6,1.4,8.7,3.2,28.4,10.1
2021,SRB,1.2,0.8,2.5,1.2,7.5,2.9
2021,SVK,0.1,0.0,0.7,0.2,2.4,0.9
2021,SVN,0.0,0.0,0.0,0.0,0.1,0.0
2021,SWE,0.6,0.4,0.8,0.5,1.4,0.9
2021,TGO,26.6,7.1,58.8,22.0,86.8,47.3
2021,THA,0.0,0.0,0.6,0.1,12.2,2.4
2021,TON,0.0,0.0,1.6,0.3,21.5,4.5
2021,TUN,0.3,0.1,2.0,0.4,16.2,3.9
2021,TUR,0.4,0.1,1.4,0.5,7.6,2.1
2021,URY,0.1,0.0,0.8,0.1,6.7,1.6
2021,USA,0.2,0.2,0.5,0.3,1.0,0.5
2022,ARG,0.6,0.2,2.5,0.8,10.9,3.3
2022,ARM,0.8,0.1,10.0,1.8,51.3,15.0
2022,BGD,5.0,0.8,30.0,7.3,74.1,29.7
2022,BRA,3.5,1.2,8.4,3.1,23.5,9.0
2022,BTN,0.0,0.0,0.5,0.1,8.4,1.7
2022,CHL,0.4,0.2,0.9,0.4,4.7,1.3
2022,COL,6.0,2.4,14.0,5.5,34.8,14.3
2022,CRI,0.9,0.3,3.3,1.0,14.1,4.4
2022,DOM,0.8,0.2,4.0,0.9,21.5,6.1
2022,EAS,1.0,0.2,5.4,1.3,27.4,8.2
2022,ECS,0.5,0.2,1.7,0.5,8.2,2.4
2022,ECU,3.2,1.0,9.5,3.1,29.9,10.8
2022,GEO,4.3,1.2,15.0,4.3,47.7,16.8
2022,IDN,2.2,0.3,19.1,4.1,62.6,22.2
2022,IRN,0.5,0.1,3.8,0.8,21.9,5.9
2022,KGZ,0.3,0.0,11.3,1.7,60.1,18.2
2022,LCN,3.5,1.2,8.9,3.2,25.2,9.5
2022,LMY,10.8,3.4,27.1,9.8,54.3,24.9
2022,MEX,1.2,0.3,4.7,1.3,21.8,6.5
2022,MNG,0.2,0.0,2.4,0.4,22.1,5.3
2022,NPL,0.4,0.0,7.5,1.4,44.1,12.3
2022,PER,2.7,0.8,9.5,2.8,32.2,11.1
2022,PRY,1.3,0.3,5.6,1.5,19.9,6.5
2022,SAS,9.7,1.9,38.8,10.9,78.8,35.0
2022,SLV,3.4,1.3,8.6,3.1,27.5,9.9
2022,SUR,1.1,0.2,4.2,1.1,17.5,5.5
2022,SYR,24.8,5.9,67.0,23.0,96.0,52.3
2022,TCD,30.8,8.5,62.8,24.1,88.8,50.1
2022,URY,0.2,0.0,0.8,0.2,6.4,1.5
2022,USA,1.2,1.0,1.5,1.1,2.0,1.4
2022,UZB,2.3,0.7,5.0,1.8,17.3,5.9
2022,VNM,1.0,0.2,4.2,1.1,19.7,5.9
2022,ZMB,64.3,33.1,81.0,49.8,93.2,67.9
2023,CRI,0.9,0.3,3.0,0.9,12.7,3.9
2023,ECU,3.8,1.0,10.3,3.3,29.6,10.9
2023,IDN,1.8,0.3,17.5,3.6,61.8,21.4
2023,PAN,1.3,0.4,4.4,1.4,12.9,4.8
